lembrar-se,zich herinneren
devido ao facto de,omwille van het feit dat
morar,wonen
a rua,de straat
o transito,het verkeer
vestir a roupa,kleren aandoen
ligado à internet,verbonden met het internet
tímido,verlegen
um bocadinho,een beetje
igualmente!,insgelijks! (bijw)
levantar voo,opstijgen
o passageiro,de passagier
lanchar,een snack eten
especial,speciaal
a área,de oppervlakte
a confusão,de verwarring, het tumult
o deserto,de woestijn
a expiração,de afloop, het verloop
o chocolate,de chocolade
o acento circonflexo,het hoedjes leesteken
novembro,november
carregar no botão,op de knop drukken
o feijão,de boon
dar um passo,een stap zetten
são-tomenses,Sao-Tomees (v mv), Sao-Tomeens (m mv)
sair de casa,het huis uitgaan
voltar para cama,terug naar bed gaan
difícil de ler,moeilijk te lezen
lidar com,omgaan met, aanpakken
fazer mudança,verhuizen
ter medo,schrik hebben
estar a caminho,op weg zijn
o câmbio,het wisselkantoor
cubano,Cubaans
estar sentado,zitten
parecido,gelijkend
o cansaço,de vermoeidheid
o número da conta,het rekeningnummer
o jogador,de speler (sport)
teimoso,koppig
a madrinha,de meter
por todo o lado,(van) overal
a coruja,de uil
lavar a cara,het gezicht wassen
nada disso,niets ervan
espanhóis,Spaans (m mv)
o doutor,de dokter
com certeza,zeker, jazeker
o ouvinte,de luisteraar
a secção,de afdeling, de sectie
logo,straks, meteen
exatamente,exact (bijw)
a campo,het veld, het platteland
a porta da casa,de voordeur
o cabelo encaracolado,het krullend haar
ouvir algo,naar iets luisteren
estafado,uitgepit
o estado físico,de fysieke toestand
ganhar coragem,moed verzamelen
levantar cheques,cheques afhalen
recidir,wonen
a refeição,de maaltijd
cá estou eu,hier ben ik
detestar praia,het strand haten
marcar encontro,een afspraak vastleggen
confiar em,vertrouwen in
assar,braden
olhar para,kijken naar
sociável,sociaal
o compositor,de componist
despedir-se de emprego,ontslag nemen
o cabelo curto,het kort haar
a como é?,hoeveel kost?
o correio azul,de blauwe post
o linho,het linnen (vlas stof)
o humor,het humeur
cansar-se,moe worden, zich moe maken
o azulejo,de siertegel
anualmente,jaarlijks (bijw)
a classe,de klasse
ambos,beide(n), beiden
os olhos pretos,de zwarte ogen
oferecer,aanbieden
fazer campismo,kamperen
comptar,tellen
pedir desculpa,verontschuldigen
ser dentuço,grote tanden hebben
lavar a roupa,de kleren wassen
a almofada,het kopkussen
tirar uma senha,een ticket nemen
o guitarrista,de fadogitarists
caber,passen
o oposto,het tegenovergestelde
a colher de café,de koffielepel
usar,dragen (kledij)
beijar,kussen (ww)
uns dias,sommige dagen
explicar,uitleggen
com razão,terecht
o advogado,de advocaat
pendurar,ophangen
o interpreta,de tolk
belgas,Belgisch (v mv), Belgisch (m mv)
guloso,gulzig, snoepzuchtig
a regra,de regel
sentir-se em casa,zich thuis voelen
o porta-moedas,de portefeuille, de portemonnee
a mesquita,de moskee
o papagaio,de papegaai
maluco,zot, gek
o acento agudo,het accent é
a cantora,de zangeres
tomar o pequeno-almoço,ontbijten
na sua opinão,volgens uw mening
longe de,ver van
a cerveja,het bier
descalçar,uittrekken (schoenen)
a irmã,de zus
de vidro,van glas
imprimir,printen
infeliz,ongelukkig
usar oculos,een bril dragen
o transporte,het transport, het vervoer
ter barba,een baard hebben
a aldeia,het dorp
não funciona!,buiten dienst!
por volta,omstreeks
até à vista,tot ziens
marcar consulta,een doktersbezoek vastleggen
a festa de anos,het verjaardagsfeest
de férias,op vakantie
fazer esqui,waterskiën, skïen
separar-se,uit elkaar gaan, zich lostrekken
resultar,uitkomen (wens), blijken
válido,geldig
a dúvida,de twijfel
odiar,haten
atender o telefone,de telefoon antwoorden
na mesma,hetzelfde (bijw)
fechado,gesloten
o instrumento musical,het muziekinstrument
o fadista,de fadist
a mobília,het meubiliair
acho que,ik vind dat, ik denk dat (mening/van plan)
empréstimar,lenen
levantar a voz,de stem verheffen
o miúdo,de kleine, de knul, de kerel
a experiênca,de ervaring
a moeda,het muntstuk
levar a,brengen naar
guineenses,guinees (m mv), Guinees (v mv)
dominar,(over)heersen
portar-se,zich gedragen
entregar,leveren, overhandigen
apoiar,helpen
fazer malha,breien
o balcão,het balkon
nem pensar!,geen denken aan!
a motorista,de motorrijdster
gravar,opnemen
a máquina de lavar louça,de vaatwasmachine
extrovertido,extravert
o álbum,het album
o cartão de credito,de kredietkaart
a fala,het gesprek
encomendar,bevelen, aanbevelen, bestellen
o bisavô,de overgrootvader
no fim,tenslotte
fazer a separação do lixo,het vuilnis sorteren
a advocacia,de balie, het advokatenberoep
pagar em cheque,met cheque betallen
abrir conta,een rekening openen
isto não faz sentido,dit heeft geen zin, dit klopt niet
o radical,de stam (van een woord)
a baguete,het stokbrood
o vocalista,de vocalist
pentear,kammen
o médico,de dokter, de arts
o ambiente,de sfeer, de omgeving, het milieu
três,drie
o doce,het snoep, de konfituur
ao domingo,op zondag
pedir emprestado,ontlenen
sou amigo de,ik ben bevriend met
o baterista,de drummer
a galeria,de galerie
demais,teveel, bovendien
adoentado,een beetje pijn hebbend
maldisposto,zich niet goed voelend
normalmente,normaal gezien
de meia-idade,van middelbare leeftijd
o lago,het meer
o trafégo,het verkeer
catorze,14
o pedaço,het stukje, het beetje
seis,6
desde,sinds
é proibido fumar,het is verboden te roken
a rádio,de radio
que horas são,welk uur zijn we
estás a brincar!,ge zijt aan t zeveren!
o significado,de betekenis
senegalês,Senegalees
o tapete,het vloerkleed, het tapijt
através,over, door, via
a Espanha,Spanje
amar,houden van
é meio-dia e meia,het is 12u30
o ditongo,de tweeklank
o emigrante,de emigrant
o ajudante,de helper
o ginásio,de fitness
o destinatário,de bestemmeling
aquecer,opwarmen
o segredo,het geheim
vista par,zicht op
com sono,moe
nativo,aangeboren, inlands
emprestar,uitlenen
a bandeira,de vlag
emissão,uitgifte
o peqeno-almoço,het ontbijt
este é Paulo,dit is paulo
sair,weggaan, buitengaan
mais uma coisa?,nog iets?
falar sobre,praten over
o assento,de zitplaats, de zetel
a Ucrânia,Oekraine
francês,Frans
os tios,de ooms en tantes (ook man en vrouw van)
a estrela,de ster
preocupado,bezorgd
a colher de chá,de theelepel
oito,8
andar a cavalo,paardrijden
ontem,gisteren
aborrecido,saai, vervelend
a transferência,de overdracht, de overschrijving
hoje é dia 25 de agosto,vandaag is het de 25e augustus
sobretudo,vooral
o passo,de stap
nog maar pas,há pouco
descongelar,ontdooien
Marrocos,Marokko
lavar as mãos,de handen wassen
o bolo está saboroso,de taart is lekker
que dia é hoje?,welke dag zijn we vandaag?, welke dag is het vandaag?
ficar mal,slecht staan (bij iemand)
a sala de espera,de wachtzaal
desmazelado,slordig, slonzig
o autor,de auteur, de maker
a receção,de receptie
vinte,20
nove,9
por isso,daarom
a colher de sopa,de soeplepel
sueco,Zwitsers
a carta,de (post)kaart, brief, de brief
cumprimentos,groeten
o atraso,de vertraging, de achterstand
por acaso,toevallig (bijw uitdr), per toeval
queixar-se de algo,over iets klagen
a política,de politiek
os correios,het postkantoor
ter bigode,een snor hebben
angolano,Angolees
há,geleden
a estimação,de waardering
esreito,nauw, smal
ao fundo de,aan het einde van
engomar,strijken, strijken (kledij)
o pessoal,het personeel, het volk
a calma,de kalmte
são nove horas,het is negen uur
são muito amigos,ze zijn goede vrienden
ter feito,slecht gezind zijn
ver à janela,door het raam kijken
a discoteca,de discotheek
a noitada,het nachtje uit
estás à espera de quê,waar wacht je op
a sala de aula,het klaslokaal
calçar os sapatos,schoenen aandoen
a assoalhada,de niet-sanitaire kamer
abril,april
inflamado,ontstoken
engolir,slikken
apresentar,voorstellen, presenteren
planear,plannen
contar com,rekenen op
tanto faz,het blijft gelijk
arrependido,berouwvol
o dono,de eigenaar
o apoio,de hulp
roubar,stelen
o turista,de toerist
a sandália,de sandaal, de flip-flip
a cabeleireira,de kapster
acordar às onze horas,wakker worden om 11 uur
grávida,zwanger
o Japão,Japan
dar aulas,les geven
ter interesse em,interesse hebben in
apaixonar-se,verliefd worden
a Grécia,Griekenland
o membro,het lid
vinte e um,21
o impresso,het drukwerk, het formulier
a crítica,de kritiek
apaixonar-se por,verliefd worden op
satisfeito,voldaan
as férias grandes,de grote vakantie
a que horas é que vais trabalhar,om welk uur ga je werken
a voz,de stem
a clínica,het hospitaal
é um quarto para as nove,het is kwart voor negen
fazer um desconto,een korting geven
tomar conta,passen op
o balcão de check-in,de check-in desk
os Marrocos,Marokko
a ambulância,de ambulance
emagrecer,vermageren
à volta de,rondom, in de omgeving van
a Escócia,Schotland
às nove horas,om negen uur
castanho,bruin
o boné,de pet
recibo,ontvangen (voltooid deelw)
o sotaque,het accent, de uitspraak
estar vestido,aangekleed zijn
a morte,de dood
arranar,regelen
ter problemas em,problemen hebben om te +inf
cansativo,vermoeiend
tambem não,ook niet
a estação do ano,het jaargetijde
antigamente,vroeger, in het verleden
vencer,overwinnen
tomar duche,een douche pakken
mostrar,tonen, vertonen
as assoalhadas,de kamers
o doente,de zieke
a nao perder,niet te missen
pescar,vissen
bonito,mooi
a aspirina,de aspirine
viciado,verslaafd
o cartão multibanco,de bankkaart
começar a,beginnen met
a direcção,de richting
a escova,de borstel
a máquina de barbear,het scheerapparaat
o adolescente,de adolescente
a tabela,de tabel
com o tempo,mettertijd
a bisavó,de overgrootmoeder
as calças de ganga,de jeansbroek
a necessidade,de noodzaak
corrigir,verbeteren
a conta à ordem,de zichtrekening
japonês,Japans
simpático,sympathiek
os país,de ouders
a possibilidade,de mogelijkheid
a direita,de rechterkant
na proxima semana,volgende week
o plano,het plan, de map
esquecer-se,vergeten
a secretaria,het secretariaat,"géén accent"
dar os parabéns,gelukwensen
dar-se bem com alguém,goed met iemand overeenkomen
virar á direita,naar rechts afslaan
fluente,vloeiend
convencer,overtuigen
cor-de-rosa,roos (mv), roos
a margem,de oever, de kantlijn
estar à espera de,aan het wachten zijn op
os olhos verdes,de groene ogen
curto,kort
Berlim,Berlin
a sorte,het geluk, het lot
o cabelo em pé,piekhaar
nem,en ook geen, en ook niet
suficientemente,voldoende (bijw)
o conhecimento,de kennis
ter a certeza,zeker weten
gritar,roepen
a máquina fotográfica,het fotoapparaat
o numerário,de cash
a mudança,de verhuis, de verandering
os avós,de grootouders
os cereais,de ontbijtgranen
acordar às onze,wakker worden om 11, wakker worden om 11 uur
o elétrico,de tram
ligar a televisão,de televisie opzetten
universitário,universitair
o chefe,de baas
a discotequa,de discotheek
gratuito,gratis
o que está a dar na televisão?,wat is er op tv?
a chegada,de aankomst
são dez horas,het is tien uur
vários,meerdere, ettelijke, verschillende
a bagunça,de rommel
formal,formeel
a sílaba,de lettergreep
estar com pressa,gehaast zijn
esto farto disto,ik ben het beu
escovar os dentes,de tanden poetsen
mudar-se,verhuizen
ativo,actief
o que é que estás a fazer,wat ben je aan het doen
o veteriário,de dierenartspraktijk
a caixa do correio,de brievenbus
o caderno,het schrift
registar,registreren, frankeren
nos dois sentidos,in de twee richtingen
a maior cidade,de grootste stad
a Dinamarca,Denemarken
ter saudades,heimwee hebben
o motorista,de motorrijder
impaciente,ongeduldig
o ano bissexto,het schrikkeljaar
ficar em casa,thuis blijven
ser de férias,vakantie hebben
pedir a conta,de rekening vragen
direto,direct
a despensa,de voorraadkamer
o metro,de metro
antipático,antipathiek, onsympathiek
informal,informeel
estacionar,parkeren
a pressa,de druk, de gejaagdheid
ficar sem bateria,zonder batterij aan het vallen zijn
ter pena de,het spijtig vinden te
a natureza,de natuur
esperar por,wachten op
o meu relógio está atrasado,mijn uurwerk loopt achter
uma chamada,een oproep, telefoongesprek
salgado,gezouten
o parque de estacionamento,de parking, de parking (gebouw, geheel)
picante,pikant, gekruid
o psicólogo,de psycholoog
cumprimentar,compliment geven
a mesa,de tafel
os ténis,de sneakers
ir para a cama,naar bed gaan
praticamente,vrijwel (bijw), praktisch
ir às compras,boodschappen doen
o clube de futebol,de voetbalclub
março,maart
a correspondência,de briefwisseling
são cinco e meia da tarde,het is half zes 's avonds
a Itália,Italië
até breve,tot binnenkort
a bomba de gasolina,de benzinepomp
doze,12
ter tempo para,tijd hebben om te
belo,schoon
alegre,vrolijk, goedgezind, bli
dezasseis,16
a fila,de rij
imediatatemente,onmiddellijk (bijw)
a sardinhada,de schotel gebraden sardines
ficar na cama,in bed blijven
o percurso,het parcours
a tasca,de eettent
o carpete,de vloerbekleding
canditar-se a,zich kandidaat stellen voor (iets/iemand)
a lámpada,de peer (light bulb)
regressar a casa,terug naar huis gaan, teruggaan naar huis
como vou,omdat ik ga
enganar-se no caminho,van weg vergissen
a salada,de salade
comum,gewoon (adj)
lavar a louça,de vaat wassen
a guitarra,de fadogitaar
o cabelo comprido,het lang haar
despedir,ontslaan
o inquérito,de enquete, de ondervraging
calmo,kalm, rustig
um programa,het programma
o código postal,de postcode
a estada,het verblijf
útil,nuttig
fazer uma chamada,een oproep doen (telefoon)
enganar-se,zich vergissen
o bidé,het bidet
o sábado,(de) zaterdag
o interesse,de interesse
a esplanada,het terras
organizado,georganiseerd
a chatice,de plaag, de last, de ergernis
o telefone,de telefoon
a preferência,de voorkeur
os óculos de sol,de zonnebril
monótono,monotoon
o gelado,het ijsje
descalçar os sapatos,schoenen uitdoen
ficar triste,triest worden
o pêlo,de beharing
duvidar,twijfelen
os parentes,de familieleden
o infantário,de kleuterschool
dezoito,18
pôr o cinto,de gordel aandoen
são sete e um quarto,het is kwart na zeven
os oculos graduados,de dikke bril
a primavera,de lente
o estacionamento,de parking (plek)
fazer a barba,scheren, de baard afdoen
a pregunta,de vraag
a frequência,de frequentie
o diálogo,de dialoog
o sucesso,het success
o brinco,de oorbel of neusbel
o aquecimento central,de centrale verwarming
que horror!,verschrikkelijk!
sublinhar,onderstrepen, onderlijnen
o telefone está a tocar,de telefoon is aan het afgaan
em que estação do ano estamos,welk seizoen zijn we
o violino,de viool
desnecessário,onnodig
mais novo,jonger
cheio de,vol met
a vivenda,de villa
o prego,het broodje dunne steak
o viajante,de reiziger
estar doente,pijn hebben
a passagem,de passage, de doortocht, de doorgang
o animal de estimação,het huisdier
alemão,Duits (m enk)
tem de ser,so be it
branco,wit
naquela altura,toen (bijw uitdr)
depender,afhangen
a vinda,de komst
verde,groen
quero saber,ik wil weten
o almoça,het middagmaal
a galeria de arte,de kunstgalerij
a companhia,het gezelschap, het bedrijf
preocupar-se,zich zorgen maken
amanhã da manhã,morgenvroeg
zangado,kwaad, boos
a flor,de bloem
o relvado,het graspleintje
a dose,de dosis, de portie
canditar-se para,zich kandidaat stellen om (+ww)
escovar,poetsen, borstelen
as dezenas,de tientallen
terminar,beeindigen
a garaffa,de fles
a engenheira,de ingenieur (v)
aterrar,landen
o jornalista,de journalist
recomendar,aanbevelen
entrar em casa,thuiskomen
a faculdade,de faculteit
o feitio,de vorm, het gemoed
a madrasta,de stiefmoeder
viúvo,weduw (adj)
jogar à bola,met de bal spelen
Nào faz mal,het is niet erg
a seda,de zijde (stof)
a cantina,de refter, de kantine
o músico,de muzikant
andar a,synoniem voor estar a (+ww), aan het ... zijn
imediato,onmiddellijk (adj)
a lavalouça,de vaatwasmachine
nem por isso,desondanks, toch niet
belga,Belgisch (m enk), Belgisch (v enk)
depressa,snel
o metro quadrado,de vierkante meter
o carregador,de oplader
contornar,rondom gaan
Guiné,Guinea
a rede,het net, het web
fejestar,vieren
a ilha,het eiland
a banda,de muziekgroep
com sede,dorstig
cerca de,rond
fazer escalada,klimmen
sublinhado,onderlijnd
alemãs,Duits (v mv)
parar na esquina,stoppen op de hoek
acordar tarde,uitslapen, overslapen
russo,Russisch
o erro,de fout
maio,mei
a porta do prédio,de voordeur, de inkomdeur
farto,moe, beu
no ano que vem,het komende jaar
movimentar-se,bewegen
estar apertado,te nauw zitten (kledij)
a calça,de broek
o padrinho,de peter
ficar bem,goed staan (bij iemand), goed staan
a dentista,de tandartse
o comércio,de handel
as moedas,het wisselgeld, de muntstukken
ir até ao fim,tot het einde gaan
de altura média,van gemiddelde lengte
estar no caminho,op weg zijn
despedir-se de,afscheid nemen van
encontrar-se com,afspreken met
acender o fogão,de oven aanzetten
o descanso,de rust
a bisneta,de achterkleindochter
completar,aanvullen
as centenas,de honderden
outubro,oktober
o carioca,de rio de janieroaar
esquecer,vergeten
chorar,huilen
pode ser?,is dat ok?
o produto de belza,het schoonheidsprodcut
os bisavós,de overgrootouders
furioso,woedend
não me falta nada,er ontbreekt me niets
a atriz,de actrice
a sarda,het sproetje
a lista de vinhos,de wijnlijst
as irmãs,de zusters
o acento gravo,het zwaar leesteken è
caminhar,wandelen
a t-shirt,de t-shirt
vário,verscheiden
polaco,Pools
o lençol,het laken
indeciso,onbeslist, besluiteloos
o ar,de lucht
nono,negende
frequentemente,frekwent (adv)
ter uma doença,pijn hebben
encontrar-se,elkaar ontmoeten, zich bevinden, tegenkomen
romântico,romantisch
a mesa de cabeceira,het nachtkastje
que boa notícia!,wat leuk nieuws!
gostar de ir ao teatro,graag naar het teater gaan
São-Tomé,Sao Tomé
português,Portugees
a galinha,de kip
o negócio,de onderhandeling, de handelszaak
a sinceridade,de oprechtheid
o medo,de angst
tomar café,een koffie drinken
estou sentado,ik zit
a mãe solteira,de single mum
o crédito,het krediet, het vertrouwen
a cotovia,de leeuwerik
aguentar,goed verdragen, aankunnen, verdragen, volhouden
residir,gevestigd zijn, zijn verblijf hebben
a Suécia,Zwitserland, Zweden
trabalhador,arbeidzaam
as escadas,de trap
o homem,de man (algemeen)
a rainha,de koningin
consultar movimento de conta,rekeningoverzicht raadplegen
mudar,veranderen
calçar-se,aantrekken
os milhares,de duizenden
o século,de eeuw
observar,observeren
estragar,bederven, stukmaken
o palácio,het paleis
a calçada,de trottoir
marinho,zee-
o recibo,het ontvangstbewijs
o farmacêutica,de apotheker
cumprimentos!,groeten!
sair do emprego,het werk verlaten
dar-se,logeren, overeenkomen, zich voelen (gezondheid)
o tomate,de tomaat
o Ano Novo,nieuwjaar
guardar segredo,(een) geheim bewaren
a carreira,de carrière, de carriere
não há problema,geen probleem
a farmácia,de apotheek
chato,vervelend
a divisão,de scheiding, de woonruimte
a agua fresca,het koud water
andar perdido,zich verloren voelen
a mulher a dias,de kuisvrouw
marroquino,Marokkaans, marokkaans
em seguida,vervolgens
telefonar,telefoneren
ter medo de,schrik hebben van/om, schrik hebben van
o fim-de-semana,het weekend
sentir a falta,missen
a esquina,de straathoek
a panela,de kookpot (hoog)
pegar,vastpakken, grijpen, nemen
fora do comum,buitengewoon
a comadre,de meter van je kind
desde 2 até 3 horas,van 2 tot 3 uur
vinte e três,23
dar erros,fouten maken
pois é!,inderdaad!, dat is zo!
chinês,Chinees
o locutor,presentator
sentir a falta de,(iemand) missen
preferido,favoriet, geprefereerd, lievelings-
falar com os amigos,met vrienden praten, met vrienden kletsen
a felizidade,het geluk
o apetite,de eetlust
espanhol,Spaans (m enk)
o contacto,het contact
o pescoço,de nek, de hals
queixar-se,klagen
o ginasio,de fitnessshool
o alimento,de voeding
o paredo,de binnenmuur
a violonista,de violist
a chefe,de baas (vr)
a tarefa doméstica,de huisklus, de huistaak
o nariz,de neus
a data de nascimento,de geboortedatum
olhar para algo,kijken naar iets
o alojamento,de huisvesting, het logement
cortar,snijden, oversteken, ongedaan maken
praticar desportos radicais,extreme sporten doen
responsável,verantwoordelijk
o palco,het podium
ir para o emprego,naar het werk gaan
piorar,verergeren
preocupar-se com,zich bekommeren om, zich bezighouden met, zich zorgen maken over, verzorgen
o açoriano,de azoren-inwoner
a dificuldade,de moeilijkheid
fazer invjea,jaloers maken
necessário,nodig
mergulhar,duiken
mal-educado,slecht opgevoed
a cima,de bovenkant
o cônjuge,de echtgenoot
despir-se,zich uitkleden
a sapataria,de schoenenwinkel
a azeitona,de olijf
perigoso,gevaarlijk
a estaçao do ano,het jaargetijde
imediatamente,onmiddellijk
a fachada,de façade, de gevel
esta é maria,dit is maria
deixar de,ophouden met, nalaten te
fazer ginástica,gymnastiek doen
surpreender,verrassen
lamento,het spijt me
o viagem,de reis
o cabelo ruivo,het ros kapsel
de certeza,zeker
o vizinho,de buur
entrar,binnengaan
o estádio,het stadion, de fase
o futuro,de toekomst
o arco-íris,de regenboog
o exagero,de overdrijving
cinzento,grijs
o continente,het continent
fazer mergulho,duiken (sport), duiken
todos os dias,alle dagen
cinco,5
a escova de dentes,de tandenborstel
o mergulho,de duik, het duiken
pintar,schilderen
arranjar discussões,discussie aangaan
voltar para casa,terug naar huis gaan
a chávena,het kopje
por exemplo,bijvoorbeeld
acontecer,voorvallen, gebeuren
a pagina,de pagina
negociar,(onder)handelen
a bilheteira,het loket
em breve,kortelings, heel binnenkort
químico,chemisch
a aluna,de leerlinge
ajudar-se a alguém,iemand helpen, zich nuttig maken voor iemand
Toquio,Tokyo
nervoso,nerveus
a paciência,het geduld
a planta,de plant, het plan
estar em trabalho,aan het werk zijn
o dicionário,de woordenboek
levantar dinheiro,geld afhalen, geld afghalen
a doença,de ziekte, de kwaal, de pijn
apaixonado,verliefd
o diretor,de directeur
continuamos amigos,we zijn nog steeds vrienden
o ator,de acteur
estar em casa,thuis zijn
fazer um pedido,bestellen
preto,zwart
decorar,versieren
estar combinado,voorgesteld worden
o croissant,de croissant
ter tempo,tijd hebben
a fritadeira,de friteuse
obviamente,vanzelfsprekend, duidelijk (bijw)
isoo não custa nada,dat kost geen moeite, dat kost niets
despedir-se,ontslag nemen
exato,exact, juist
a ave,de vogel
escusar,verontschuldigen
de sluiting,o enceraramento
o aluno,de leerling
as mãos,de handen
poupar,sparen
o derivrade,het afgeleide
a mensagem,het berricht, het bericht
o correio verde,de groene post
a exceção,de uitzondering
a duração,de duurtijd
a zona,de zone
o outono,de herfst
o título,de titel
o oceano,de oceaan
a arquiteta,de architecte
a torre,de toren
vinte e dois,22
um pouco longe,een beetje verder
consultar saldo,saldo opvragen
a panela de pressão,de snelkookpan
a estabilidade,de stabiliteit
repostar,antwoorden
encontrar com x,x ontmoeten
o violista,de gitarist
a caixa,de doos
jantar fora,buiten dieneren, buiten eten (dineren)
ligado,verbonden, online
depois de amanhã,overmorgen
a empregada doméstica,het dienstmeisje
dar comida ao gato,de kat te eten geven
a câmara municipal,het gemeentehuis
a carruagem,de wagon
agosto,augustus
são-tomense,Sao-Tomees (v enk), Sao-Tomees (m enk)
amargo,bitter
é do lado esquerdo,(het) is aan de rechterkant
careca,kaal (m), kaal (v), kaal
ter bom feitio,goedgezind zijn
uma tartaruga,een schildpad
existitr,bestaan
de vez em quando,van tijd tot tijd
bronzeado,gebruind
ainda não,nog niet
a alcatifa,de tapis plein
fluentemente,vloeiend (bijw)
aparecer,verschijnen, schijnen
a açorda,de broodsoep
a estudante,de studente
a garagem,de garage
ter algo em comum,iets gemeen hebben, iets gemeenschappelijk hebben
a balança,de weegschaal, de balans
a medicina,de geneeskunde
o desperator,de wekker
está combinado!,deal!
a maquina de lavar roupa,de wasmachine
que inveja!,gelukzak!
estar perdido,verdwaald zijn, verloren zijn
o edifício,het gebouw
a neta,de kleindochter
espanholas,Spaans (v mv)
morrer,sterven
os saldos,de solden
julho,juli
o visitante,de bezoeker
fazer um exame,een examen afleggen
confiar em alguém,op iemand vertrouwen
as meias,de kousen
a gaveta,de schuif
a amizade,de vriendschap
o talento,het talent
quem fala?,met wie spreek ik?
misturar,mengen, mixen
o número de telefone,de telefoonnummer
o juro,de rentevoet
arrepender-se de,berouw hebben over, spijt hebben over
tomar uma decisão,een beslissing nemen
voltar a ligar,terugbellen
mudar de casa,verhuizen
da manhã,'s morgens
saudades!,groetjes!
pedir o saldo,het saldo raadplegen
em que mês estamos,welke maand zijn we
o acaso,het toeval, het geluk
colocar,plaatsen, leggen
dez,10
trocar de,ruilen van
o braço,de arm
o miradouro,het uitzicht, het bellevue
junho,juni
o bisneto,de achterkleinzoon
o pé,de voet
o domínio,het gezag, de heerschappij
a fraqeuza,de zwakte
nutritivo,voedzaam
a importância,het belang, het bedrag van een rekening
a idade,de leeftijd
noventa,90
estar viciado em,verslaafd zijn aan
o voo,de vlucht (in lucht)
a seguida,het vervolg
sete,7
o rapaz,de jongen
o sentio de humor,het gevoel voor humor
é uma hora,het is één uur
o restaurante,het restaurant
bem-educada,welopgevoed
a esquerda,de linkerkant
passar o tempo,de tijd doorbrengen
reformular,herformuleren
o preço,de prijs
o telhado,het dak
a Finlândia,Finland
a parte,het deel
abusar,misbruiken, teveel gebruiken
a sério,serieus (bijw uitdr)
a reposta,het antwoord
a lingua,de taal, de tong
com pressa,gehaast
a altura do ano,de tijd van het jaar
guardar,bewaken, bewaren
alérgico ao leite,allergisch voor melk
enganar,misleiden, bedriegen
fazer escala,een tussenstop maken
o débito,de schuld
o clima,het klimaat, het weer
o guardanapo,de serviette, het servet
viajar só,alleen reizen
divorciar-se,scheiden
a cara,het (aan)gezicht
chatear,irriteren, lastigvallen
o hábito,de gewoonte
o apartamento,het appartement
a razão,de reden, het gelijk
apagar,doven, uitzetten, dempen
dinamarquês,Deens
o t-shirt,de t-shirt
a esquadra de polícia,het politiekantoor
está frio,het is koud
engomar a roupa,de kleren strijken
a conta à prazo,de spaarrekening
o fã,de fan
gastar,verspillen, uitgeven (geld)
alemã,Duits (v enk)
sincero,oprecht
a tarefa,de job, de taak
dia não,de ene dag wel, de andere niet
já não,niet meer
durar,duren
a vergonha,de schande
o calçado,het schoeisel
o Pai Natal,de kerstman
boa ideia!,goed idee!
o problema,het probleem
o acontecimento,het voorval
porto-riquenho,puertoricaans
no meio de,in het midden van
o bilhete de ida en volta,het retourticket
de terugkeer,o regresso
descalçar-se,uittrekken
a pergunta,de vraag
o remetente,de afzender
a louça,de vaat, de afwas, het servies
estável,stabiel
moreno,donker (haar), bruinharig
o rés do chão,het gelijkvloers
a menina,de dochter
a torradeira,de broodrooster
a esposa,de echtgenote
o til,de tilde
grego,grieks
retirar,wegnemen
despir,uitdoen (kledij), uitdoen, uittrekken, uitdoen (gewone kledij)
parar,stoppen
daqui a,binnen (... tijd)
tens toda a razão,je hebt volledig gelijk
o curso,de cursus, het verloop
deixar mensagem,een bericht achterlaten
o informático,de informaticus
tirar,wegnemen, trekken
a floresta,het bos
o utilizador,de gebruiker
anoitecer,nacht worden
à noite,'s nachts
até ja,tot later
chumbar em,buizen op (een vak)
o parque nacional,het national park
a novidade,de nieuwigheid
todos eles,zij allemaal (m)
regularmente,regelmatig (bijw)
o compadre,de peter van je kind
os filhos,de zonen, de kinderen
test,delete mij
a sandes,de sandwich
azul,blauw
os lábios,de lippen
traduzir,vertalen
o muro,de buitenmuur
o stresse,de stress
a rapariga,het meisje
distraído,verstrooid
quatro,4
o jardim zoológico,de dierentuin
bem-disposto,goedgezind, goedgemutst
mudar-se para,verhuizen naar
de facto,feitelijk
a página,de pagina
ir buscar,gaan halen
a sala de jantar,de eetkamer
namorar,flirten, lovy dovy doen, verkeren met
o embrulho,het pak, de verpakking
na rua,op straat
a livraria,de bib, de boekenbwinkel
Páscoa,pasen
o Egipto,Egypte
treze,13
o contrário,het tegenovergestelde
cozinhar,koken
cerca das 10,rond 10
o prato,het bord
ao longo de,langsheen
há tanto tempo,het is zolang geleden
o estojo,de pennenzak
a economista,de economiste
calvo,kaal
o funcionário,de ambtenaar
fazer montanhismo,bergbeklimmen
calado,zwijgzaam
a locução,de spreekwijze, de uitdrukking (grammatica)
cancelar conta,een rekening opzeggen
anteontem,eergisteren
introvertido,introvert
apagar o fogão,de oven afzetten
loiro,blond
os cabelos lisos,steile haren
setembro,september
das 10 até às 2,van 10 to 2
o prédio,het gebouw, het flatgebouw
cancelar,annuleren
o beijo,de kus
o estudo,de studie
transferir,overschrijven, overbrengen
o joelho,de knie
o cantor,de zanger
diretamente,direct (bijw)
passar as férias,de vakantie doorbrengen
o lábio,de lip
simplesmente,eenvoudigweg (bijw), simpelweg (bijw)
enervar-se,zich opwinden, zich enerveren
as melhoras!,beterschap!
a nuvem,de wolk
o hóspede,de gast
os olhos castanhos,de bruine ogen
a questão,de kwestie
esforçado,gemotiveerd, toegewijd
o colar,het halssnoer
o parque,het park
estar largo,te groot zijn (kledij)
guineense,Guinee (v enk), Guinees (m enk)
cem,100
fazer a mala,de valies maken
sorrir,glimlachen
o empresário,de ondernemer
diariamente,dagelijks (bijw)
o brinquedo,het speelgoed, het speeltuig
o início,de aanvang, het begin, het vertrek
tomar conta de,letten op
o refrigerante,de frisdrank
aspirar o chão,de grond stofzuigen
a cave de vinho,de wijnkelder
cor de laranja,oranje, oranje (mv)
o táxista,de taxichauffeur
o percussionista,de percussionist
inserir,insteken
Moscovo,Moskou
o parque florestal,het bloemenpark
cinquenta,50
a sério?,echt waar? serieus?
assinar,tekenen, ondertekenen
fazer a cama,het bed opmaken
ainda bem,zoveel te beter, gelukkig, gelukkig maar
atrasar-se,te laat komen
a laje,de tegel
o corpo,het lichaam
a vila,het dorp
tomar sol,zonnebaden
mimado,verwend
os parabéns,de gelukwensen
o mistério,het mysterie
a bica,het typisch kopje koffie, de koffie (espresso)
magro,mager, slank
a notícia,het nieuwtje, het bericht
dia sim,de ene dag wel, de andere niet
discutir,discussieren (over), discussieren
a venda,de verkoop
ter mau feitio,slechtgezind zijn
o edredão,het donsdeken
sentir,voelen, ruiken
derivrar,afleiden
o padrasto,de stiefvader
falador,praatzaam, praatgraag
a arquitetura,de architectuur
o objeto,het object
ter orgulho em algo,trots zijn op iets
hoje é dia 1 de Maio,vandaag zijn we de 1e mei
hoje é domingo,vandaag zijn we zondag
a lava-loiça,de vaatwasmachine
excelente,voortreffelijk, uitstekend
a bagagem de mão,de handbagage
ir-se,op weg gaan
a embaixada,de ambassade
a cortina,het overgordijn, het gordijn
o divórcio,de scheiding
a verruga,de puist
a energia,de energie
grávida de x meses,x maanden xwanger
exagerar,overdrijven
o sótão,de zolder
a cave,de kelder
árabe,arabisch
o vegetariano,de vegetariër
o tacho,de kookpot (laag)
varrer,vegen, schrobben
fazer uma reserva,reserveren
a Rússia,Rusland
diga?,pardon?
sluiten,encerrar
a volta,de (terugkeer, de draai, het verloop
partir para,vertrekken naar
falante,sprekend
o irmão,de broer
a senha,het teken, het ticket van wachtrij
praticar desporto,sport beoefenen
bem disposto,goed gezind
já são quase dez horas,het is al ongeveer tien uur
a distância,de afstand
apanhar,pakken, vangen, grijpen
disposto,opgewekt
é meia-noite,het is middernacht
habitual,gewoonlijk
quarenta,40
ter aulas,les hebben
o estudante,de student
os olhos azuis,de blauwe ogen
tirar fotografias,foto's nemen
saboroso,lekker
louro,blond
o cabeleireiro,de kapper
em direcção a,in de richting van
fora,buiten, buiten (bijw)
senhor doutor,meneer doktor
por ordem,op orde
no feriado,op een feestdag, op een vrije dag
recusar,weigeren
a constipação,de verkoudheid
pois!,zeker!
divorciado,gescheiden
tossir,hoesten
consultar,raadplegen
a dieta,het dieet
o enfermeiro,de verpleger
a sobrancelha,de wenkbrauw
o economista,de economist
o meio,het middel
a companhia aérea,de luchtvaartmaatschappij, de vliegtuigmaatschappij
a canção,het lied
andar estafado,uitgeput zijn
ir em frente,rechtdoor gaan
importar-se,geven om
o sonho,de droom
com exceção de,met uitzondering van
a dica,de hint, het gezegde
o Egito,Egypte
a roupa interior,het ondergoed
vermelho,rood
novamente,opnieuw
a morada,het adres, de woonplaats
Natal,kerstmis
demorar algo,iets laten wachten
o objetivo,het doel
oitenta,80
gritar com,schreeuwen op
chove,het regent
cuidado!,opgepast!
óbvio,vanzelfsprekend, duidelijk (adj)
entrar em contacto,in contact treden
destinar,bestemmen
o neto,het kleinkind, de kleinzoon
o teleférico,de kabelbaan
limpa,proper
com licença!,pardon! mag ik even!
o verão,de zomer
rigoroso,rigoureus, streng
na semana que vem,volgende week
os doces,het snoep
a Polónia,Polen
o correio eletrónico,de e-mail
da tarde,'s avonds
a dor de dentes,de tandpijn
a paisagem,het landschap
a carteira,de portefeuille
atender,opletten, bedienen, bijwonen, letten op
a agua natural,het water (kamertemp)
parar de,stoppen met
concordar,akkoord zijn
levantar a mesa,de tafel afruimen
quinze,15
bater,kloppen, vechten
a jornalista,de journaliste
precisar,nodig hebben, hoeven
o ano,het jaar
sem interesse,ongeinteresseerd
quantos são hoje,de hoeveelste zijn we
com atraso,met vertraging
a inveja,de jaloezie, de afgunst
permanecer,blijven, verblijven
o parque de diversões,het pretpark
de opening,a abertida
o dento,de tand
norueguês,Noors
qual é o dia da semana?,welke dag zijn we?
que horas são?,hoe laat is het?
sem razão,ten onrechte
de aankomst,a chegada
antigo,antiek
os cunhados,de schoonbroers of zussen (Van elkaar)
o tempo livre,de vrije tijd
iniciar,beginnen met
responder,antwoorden
nas férias,in de vakantie
que sono,o wat ben ik moe
a porta da rua,de voordeur
a bifana,het broodje varkensvlees
a poluição,de vervuiling
ficar na rua,in de straat liggen
chegar atrasado,te laat komen
a conversa,het gesprek
a construção civil,de woningbouw
da noite,'s nachts
fazer barulho,kabaal maken
espanhola,Spaans (v enk)
a meia de leite,de koffie met melk
tudo incluído,all-in
levantar-se,opstaan
esquecer-se de,vergeten
ter para oferecer,te bieden hebben
trabalhar por conta própria,freelance werken
a responsabilidade,de verantwoordelijkeid
a nota,het bankbiljet, de notitie, het geldbriefje, het briefje (geld)
desagradável,onaangenaam
egípcio,Egyptisch
o este,het oosten
o garoto,de koffie met melk (50/50)
alterar,aanpassen, veranderen
o amante,de minnaar
a manutenção,het onderhoud
que chatice,hoe vervelend
o cumprimento,het complement
desculpar,verontschuldigen, vergeven
por metade de,voor de helft van
o passado,het verleden
raramente,zelden (bijw)
felicitar,feliciteren
dezanove,19
remeter,sturen, aanvallen
falar a sério,serieus praten
o visto,het visum
o código,de code, de regels
a madeira,het hout
o inverno,de winter
o número de telemóvel,het gsm nummer
o regresso,de terugkeer
sessenta,60
a compra,de aankoop
ir pelo lado direito da rua,langs de rechterkant van de straat gaan
o rádio,de radio
dezembro,december
tomar um copo,een glaasje drinken
cambiar,(geld) omwisselen
pôr a mesa,de tafel zetten
o exercício,de oefening
casado,getrouwd
passar por,passeren langs
a enfermeira,de verpleegster
o centro comercial,het shoppingcenter
o vestio,de jurk
o quarteirão,het huizenblok
o tradutor,de vertaler
ir-se embora,weggaan
ensinar,onderwijzen
a residência,de woonplaats, de residentie, de woning
o professor,de leerkracht, de leraar
chumbar,buizen (student), verzwaren, buizen, falen
encerrar,afsluiten, opsluiten, opbergen, sluiten
o cruzeiro,de cruise
numerário,geld-
estar em baixo,down zijn
o supositório,de supositoir
a cereja,de kers
pois não?,toch niet? (bij negatieve vraag)
tão ... como,even ... als
o meu relógio está adientado,mijn uurwerk loopt voor
o encontro,de ontmoeting
para a semana,tijdens de week
a sexta-feira,vrijdag
a pintora,de schilderes
fevereiro,februari
azuis,blauw (mv)
3 vezes ao dia,3 keren per dag
as nuvens,de wolken
imenso,heel erg (bijw), erg, immens
entre,tussen (plaats)
o ateliê,het atelier
a opinão,de mening
o meio de transporte,het vervoermiddel
o número de conta,de rekeningnummer
ter pena de alguém,medelijden hebben met iemand
a casa,het huis
o telegrama,het telegram
ser bom em,goed zijn in
assistir,bijwonen
barulhento,lawaaierig
desta forma,op deze manier
Dr.,dokter (aanspreektitel)
a Irlanda,Ierland
carregar,inladen, laden, (in)drukken
a embalagem,de verpakking, het pakje (medicijnen)
soletrar,spellen
o cabelo ondulado,het golvend kapsel
alemães,Duits (m mv)
a tecnologia,de technologie
a internet,het internet
a que horas,om wat uur
contempôreano,hedendaags, eigentijds
o chapéu de chuva,de regenhoed
o cartão de embarque,het vliegticket
o total,het totaal
o desconto,de korting
nós,wij
a dor de cabeça,de hoofdpijn
os irmãos,de broers, de siblings
o porta-chaves,de sleutelhanger
a informação,de informatie
tapar,bedekken
os calções,de korte broek, de short
janeiro,januari
ter interessa para,interesse hebben in
das dez até à uma hora,van tien tot één uur
preciso,nodig, nauwkeurig
pontual,stipt, punctueel
a China,China
perto,dichtbij
saborso,smakelijk
a seguir,vervolgens
reservar mesa,een tafel reserveren
brindar,toosten, opdragen aan
a bassista,de bassist
idoso,bejaard
un pouco,een beetje
o ex-marido,de ex-echtgenoot
chateado,van streek
a Alemanha,Duitsland
a lua,de maan
o êxito,de afloop, het succes
o embarque,het inschepen
é o próprio!,daar spreekt u mee!
estreito,smal
partilhar,delen
varrer o chão,de vloer kuisen
a condição,de conditie, de voorwaarde, de gesteldheid
destacar,detacheren, onderscheiden, afscheiden
setenta,70
adormecer,in slaap vallen
a carne de porco,het varkensvlees
fugir,vluchten
pesado,zwaar, zwaar (gewicht)
o iogurte,de yogurt
o frio,de koude
com calma,kalm, rustig (bijw uitdr)
o falante,de spreker
estúpido,dom
o chuveiro,de douche
canditar-se,zich kandidaat stellen
depositar,storten, deponeren, toevertrouwen
perder o avião,het vliegtuig missen
pôr a roupa a secar,de kleren te drogen hangen
de 5 em 5 horas,om de 5 uur
acho óptimo,vind ik heel goed
o visto para viajar,het reisvisum
ter tosse,met een hoest zitten
seguir em frente,rechtdoor blijven gaan
a Noruega,Noorwegen
arrumado,ordelijk
pôr a loiça na máquina,de vaatwas inladen
cada um,een ieder
a segunda-feira,maandag
é meia-noite e meia,het is half één 's nachts
reformar-se,op pensioen gaan
retirado,weggelaten
provavelmente,waarschijnlijk
o familiar,het familielid
a visita,het bezoek
ficar em frente,liggen tegenover
o menino,de kleine
é meio-dia,het is middag
a arvóre,de boom
pagar com dinheiro,cash betalen
fora de,buiten, buiten (iets)
#file Portugees voor Beginners/lespakket 1.1
#file Passaporte para Português 1/Unid 5 tem 8
a moeda,het muntstuk
as moedas,het wisselgeld, de muntstukken
o ouvinte,de luisteraar
a carteira,de portefeuille
os óculos de sol,de zonnebril
o ator,de acteur
a aluna,de leerlinge
a mulher a dias,de kuisvrouw
nono,negende
o informático,de informaticus
o prédio,het gebouw, het flatgebouw
a morada,het adres, de woonplaats
a nota,het bankbiljet, de notitie, het geldbriefje, het briefje (geld)
pois!,zeker!
a atriz,de actrice
o rés do chão,het gelijkvloers
a parte,het deel
antigo,antiek
antipático,antipathiek, onsympathiek
fora,buiten, buiten (bijw)
de férias,op vakantie
o ateliê,het atelier
o chefe,de baas
a chefe,de baas (vr)
a empregada doméstica,het dienstmeisje
o empresário,de ondernemer
estar em trabalho,aan het werk zijn
o informático,de informaticus
fora de,buiten, buiten (iets)
o parque de estacionamento,de parking, de parking (gebouw, geheel)
#file Passaporte para Português 2/unid 5
gastar,verspillen, uitgeven (geld)
traduzir,vertalen
assinar,tekenen, ondertekenen
devido ao facto de,omwille van het feit dat
o prédio,het gebouw, het flatgebouw
um programa,het programma
mostrar,tonen, vertonen
cada um,een ieder
trocar de,ruilen van
a regra,de regel
aguentar,goed verdragen, aankunnen, verdragen, volhouden
pegar,vastpakken, grijpen, nemen
demais,teveel, bovendien
gritar com,schreeuwen op
ter medo de,schrik hebben van/om, schrik hebben van
a dieta,het dieet
a vergonha,de schande
preocupar-se com,zich bekommeren om, zich bezighouden met, zich zorgen maken over, verzorgen
a tarefa doméstica,de huisklus, de huistaak
o miúdo,de kleine, de knul, de kerel
o funcionário,de ambtenaar
a construção civil,de woningbouw
o empresário,de ondernemer
mal-educado,slecht opgevoed
lidar com,omgaan met, aanpakken
mimado,verwend
o brinquedo,het speelgoed, het speeltuig
o feitio,de vorm, het gemoed
ter mau feitio,slechtgezind zijn
ter bom feitio,goedgezind zijn
portar-se,zich gedragen
com calma,kalm, rustig (bijw uitdr)
levantar a voz,de stem verheffen
a voz,de stem
o membro,het lid
preciso,nodig, nauwkeurig
precisar,nodig hebben, hoeven
o animal de estimação,het huisdier
recibo,ontvangen (voltooid deelw)
bem-educada,welopgevoed
mal-educado,slecht opgevoed
nem por isso,desondanks, toch niet
ter feito,slecht gezind zijn
ter pena de alguém,medelijden hebben met iemand
isto não faz sentido,dit heeft geen zin, dit klopt niet
a manutenção,het onderhoud
engomar,strijken, strijken (kledij)
varrer,vegen, schrobben
varrer o chão,de vloer kuisen
fazer a cama,het bed opmaken
pôr a loiça na máquina,de vaatwas inladen
fazer a separação do lixo,het vuilnis sorteren
pôr a roupa a secar,de kleren te drogen hangen
levantar a mesa,de tafel afruimen
pendurar,ophangen
a gaveta,de schuif
nem pensar!,geen denken aan!
isoo não custa nada,dat kost geen moeite, dat kost niets
#file Portugees voor Beginners/lespakket 1.8
#file Passaporte para Português 1/unid 29 tem 32
decorar,versieren
deixar de,ophouden met, nalaten te
divorciar-se,scheiden
mudar-se,verhuizen
reformar-se,op pensioen gaan
terminar,beeindigen
o curso,de cursus, het verloop
o êxito,de afloop, het succes
a galeria,de galerie
o negócio,de onderhandeling, de handelszaak
imediato,onmiddellijk (adj)
imenso,heel erg (bijw), erg, immens
simplesmente,eenvoudigweg (bijw), simpelweg (bijw)
demorar algo,iets laten wachten
imediatatemente,onmiddellijk (bijw)
ouvir algo,naar iets luisteren
olhar para algo,kijken naar iets
andar a,synoniem voor estar a (+ww), aan het ... zijn
despedir-se de,afscheid nemen van
ir-se embora,weggaan
sentir a falta,missen
ter saudades,heimwee hebben
o ambiente,de sfeer, de omgeving, het milieu
a conversa,het gesprek
a frequência,de frequentie
o pessoal,het personeel, het volk
estúpido,dom
sem interesse,ongeinteresseerd
nem pensar!,geen denken aan!
adormecer,in slaap vallen
andar a cavalo,paardrijden
chorar,huilen
chumbar,buizen (student), verzwaren, buizen, falen
fazer campismo,kamperen
fazer esqui,waterskiën, skïen
fazer mergulho,duiken (sport), duiken
namorar,flirten, lovy dovy doen, verkeren met
roubar,stelen
a bomba de gasolina,de benzinepomp
o Pai Natal,de kerstman
a reposta,het antwoord
bronzeado,gebruind
guloso,gulzig, snoepzuchtig
anteontem,eergisteren
amar,houden van
depender,afhangen
emprestar,uitlenen
encomendar,bevelen, aanbevelen, bestellen
inserir,insteken
mostrar,tonen, vertonen
oferecer,aanbieden
pedir emprestado,ontlenen
o brinquedo,het speelgoed, het speeltuig
os doces,het snoep
o dono,de eigenaar
o jardim zoológico,de dierentuin
a lua,de maan
o miúdo,de kleine, de knul, de kerel
o papagaio,de papegaai
o pedaço,het stukje, het beetje
o produto de belza,het schoonheidsprodcut
desde,sinds
há,geleden
por exemplo,bijvoorbeeld
desde 2 até 3 horas,van 2 tot 3 uur
chumbar em,buizen op (een vak)
fora,buiten, buiten (bijw)
ter interesse em,interesse hebben in
sentir a falta de,(iemand) missen
#file Aprender Portugues/unidade 4
que horas são?,hoe laat is het?
entrar,binnengaan
são nove horas,het is negen uur
ao domingo,op zondag
hoje é dia 25 de agosto,vandaag is het de 25e augustus
quero saber,ik wil weten
a segunda-feira,maandag
o sábado,(de) zaterdag
o fim-de-semana,het weekend
janeiro,januari
março,maart
abril,april
maio,mei
junho,juni
julho,juli
agosto,augustus
novembro,november
dezembro,december
a primavera,de lente
o verão,de zomer
o outono,de herfst
o inverno,de winter
em que mês estamos,welke maand zijn we
são dez horas,het is tien uur
é um quarto para as nove,het is kwart voor negen
é uma hora,het is één uur
é meia-noite,het is middernacht
da tarde,'s avonds
da noite,'s nachts
já são quase dez horas,het is al ongeveer tien uur
com certeza,zeker, jazeker
na rua,op straat
voltar para cama,terug naar bed gaan
ficar em casa,thuis blijven
encontrar com x,x ontmoeten
durar,duren
a mãe solteira,de single mum
na sua opinão,volgens uw mening
a opinão,de mening
começar a,beginnen met
ir para o emprego,naar het werk gaan
hoje é dia 1 de Maio,vandaag zijn we de 1e mei
a que horas,om wat uur
a estaçao do ano,het jaargetijde
com certeza,zeker, jazeker
preferido,favoriet, geprefereerd, lievelings-
o parque,het park
a discotequa,de discotheek
sair de casa,het huis uitgaan
novamente,opnieuw
movimentar-se,bewegen
como vou,omdat ik ga
ter tempo para,tijd hebben om te
adormecer,in slaap vallen
levantar-se,opstaan
lavar as mãos,de handen wassen
lavar a cara,het gezicht wassen
tomar duche,een douche pakken
fazer a barba,scheren, de baard afdoen
calçar os sapatos,schoenen aandoen
descalçar os sapatos,schoenen uitdoen
calçar-se,aantrekken
descalçar-se,uittrekken
ficar em casa,thuis blijven
sair de casa,het huis uitgaan
regressar a casa,terug naar huis gaan, teruggaan naar huis
ir para a cama,naar bed gaan
jantar fora,buiten dieneren, buiten eten (dineren)
a que horas é que vais trabalhar,om welk uur ga je werken
a sexta-feira,vrijdag
acho que,ik vind dat, ik denk dat (mening/van plan)
acordar às onze horas,wakker worden om 11 uur
acordar às onze,wakker worden om 11, wakker worden om 11 uur
às nove horas,om negen uur
despir,uitdoen (kledij), uitdoen, uittrekken, uitdoen (gewone kledij)
em que estação do ano estamos,welk seizoen zijn we
entrar em casa,thuiskomen
é meia-noite e meia,het is half één 's nachts
é meio-dia,het is middag
é meio-dia e meia,het is 12u30
fevereiro,februari
ficar na cama,in bed blijven
fora de,buiten, buiten (iets)
fora,buiten, buiten (bijw)
guloso,gulzig, snoepzuchtig
hoje é domingo,vandaag zijn we zondag
imediatamente,onmiddellijk
lanchar,een snack eten
no fim,tenslotte
o desperator,de wekker
o ginasio,de fitnessshool
o meu relógio está adientado,mijn uurwerk loopt voor
o meu relógio está atrasado,mijn uurwerk loopt achter
o que é que estás a fazer,wat ben je aan het doen
o veteriário,de dierenartspraktijk
outubro,oktober
qual é o dia da semana?,welke dag zijn we?
quantos são hoje,de hoeveelste zijn we
que chatice,hoe vervelend
que dia é hoje?,welke dag zijn we vandaag?, welke dag is het vandaag?
que sono,o wat ben ik moe
sair do emprego,het werk verlaten
são cinco e meia da tarde,het is half zes 's avonds
são sete e um quarto,het is kwart na zeven
senhor doutor,meneer doktor
setembro,september
vestir a roupa,kleren aandoen
depois de amanhã,overmorgen
ontem,gisteren
anteontem,eergisteren
o ano bissexto,het schrikkeljaar
fejestar,vieren
Natal,kerstmis
Páscoa,pasen
as férias grandes,de grote vakantie
o Ano Novo,nieuwjaar
o início,de aanvang, het begin, het vertrek
o almoça,het middagmaal
de terugkeer,o regresso
de aankomst,a chegada
de opening,a abertida
de sluiting,o enceraramento
sluiten,encerrar
das 10 até às 2,van 10 to 2
das dez até à uma hora,van tien tot één uur
cerca das 10,rond 10
#file Passaporte para Português 2/unid 6
viciado,verslaafd
a tecnologia,de technologie
estar viciado em,verslaafd zijn aan
o inquérito,de enquete, de ondervraging
dia sim,de ene dag wel, de andere niet
dia não,de ene dag wel, de andere niet
colocar,plaatsen, leggen
à volta de,rondom, in de omgeving van
a volta,de (terugkeer, de draai, het verloop
a paciência,het geduld
chatear,irriteren, lastigvallen
a chatice,de plaag, de last, de ergernis
ligado,verbonden, online
ligado à internet,verbonden met het internet
a internet,het internet
o adolescente,de adolescente
#file Aprender Portugues/unidade 10
os correios,het postkantoor
a correspondência,de briefwisseling
o correio azul,de blauwe post
o correio verde,de groene post
a morada,het adres, de woonplaats
o remetente,de afzender
remeter,sturen, aanvallen
o destinatário,de bestemmeling
destinar,bestemmen
o código postal,de postcode
registar,registreren, frankeren
o impresso,het drukwerk, het formulier
o balcão,het balkon
a carta,de (post)kaart, brief, de brief
o embrulho,het pak, de verpakking
o telegrama,het telegram
cambiar,(geld) omwisselen
abrir conta,een rekening openen
cancelar conta,een rekening opzeggen
consultar,raadplegen
consultar saldo,saldo opvragen
consultar movimento de conta,rekeningoverzicht raadplegen
levantar dinheiro,geld afhalen, geld afghalen
numerário,geld-
levantar cheques,cheques afhalen
poupar,sparen
pedir o saldo,het saldo raadplegen
depositar,storten, deponeren, toevertrouwen
transferir,overschrijven, overbrengen
a nota,het bankbiljet, de notitie, het geldbriefje, het briefje (geld)
a moeda,het muntstuk
o câmbio,het wisselkantoor
a compra,de aankoop
a venda,de verkoop
a conta à ordem,de zichtrekening
a conta à prazo,de spaarrekening
o número de conta,de rekeningnummer
o cartão multibanco,de bankkaart
o débito,de schuld
o crédito,het krediet, het vertrouwen
o numerário,de cash
a importância,het belang, het bedrag van een rekening
o juro,de rentevoet
o total,het totaal
a advocacia,de balie, het advokatenberoep
preciso,nodig, nauwkeurig
#file português no mundo/1 falar português
#file Portugees voor Beginners/lespakket 2.3
#file Aprender Portugues/unidade 5
ver à janela,door het raam kijken
mais novo,jonger
namorar,flirten, lovy dovy doen, verkeren met
fazer malha,breien
tomar conta de,letten op
ser de férias,vakantie hebben
imenso,heel erg (bijw), erg, immens
o passado,het verleden
uma tartaruga,een schildpad
chateado,van streek
farto,moe, beu
os país,de ouders
os filhos,de zonen, de kinderen
os irmãos,de broers, de siblings
as irmãs,de zusters
os avós,de grootouders
o neto,het kleinkind, de kleinzoon
a neta,de kleindochter
os cunhados,de schoonbroers of zussen (Van elkaar)
os tios,de ooms en tantes (ook man en vrouw van)
a esposa,de echtgenote
divorciado,gescheiden
a madrasta,de stiefmoeder
o padrasto,de stiefvader
o ex-marido,de ex-echtgenoot
os parentes,de familieleden
o bisneto,de achterkleinzoon
a bisneta,de achterkleindochter
os bisavós,de overgrootouders
a bisavó,de overgrootmoeder
o bisavô,de overgrootvader
o amante,de minnaar
o padrinho,de peter
a madrinha,de meter
o compadre,de peter van je kind
a comadre,de meter van je kind
o prédio,het gebouw, het flatgebouw
o edifício,het gebouw
a vivenda,de villa
a casa,het huis
o apartamento,het appartement
a sala de jantar,de eetkamer
as assoalhadas,de kamers
a mobília,het meubiliair
a mesa,de tafel
a alcatifa,de tapis plein
o carpete,de vloerbekleding
a despensa,de voorraadkamer
a máquina de lavar louça,de vaatwasmachine
a lavalouça,de vaatwasmachine
a torradeira,de broodrooster
a fritadeira,de friteuse
o prato,het bord
a panela,de kookpot (hoog)
a colher de sopa,de soeplepel
a colher de chá,de theelepel
a colher de café,de koffielepel
a panela de pressão,de snelkookpan
a louça,de vaat, de afwas, het servies
o tacho,de kookpot (laag)
a porta da rua,de voordeur
a porta do prédio,de voordeur, de inkomdeur
a porta da casa,de voordeur
o lençol,het laken
as escadas,de trap
a caixa do correio,de brievenbus
a louça,de vaat, de afwas, het servies
o tacho,de kookpot (laag)
a porta da rua,de voordeur
a porta do prédio,de voordeur, de inkomdeur
a porta da casa,de voordeur
o lençol,het laken
as escadas,de trap
a caixa do correio,de brievenbus
o edredão,het donsdeken
a almofada,het kopkussen
a mesa de cabeceira,het nachtkastje
o bidé,het bidet
a máquina de barbear,het scheerapparaat
acender o fogão,de oven aanzetten
apagar o fogão,de oven afzetten
apagar,doven, uitzetten, dempen
lavar a louça,de vaat wassen
lavar a roupa,de kleren wassen
aspirar o chão,de grond stofzuigen
cozinhar,koken
engomar a roupa,de kleren strijken
engomar,strijken, strijken (kledij)
pôr a mesa,de tafel zetten
levantar a mesa,de tafel afruimen
fazer a cama,het bed opmaken
o telefone,de telefoon
a cortina,het overgordijn, het gordijn
a lava-loiça,de vaatwasmachine
a maquina de lavar roupa,de wasmachine
o metro quadrado,de vierkante meter
o transito,het verkeer
o trafégo,het verkeer
a bagunça,de rommel
a laje,de tegel
o aquecimento central,de centrale verwarming
o tapete,het vloerkleed, het tapijt
o chuveiro,de douche
a fachada,de façade, de gevel
o muro,de buitenmuur
o paredo,de binnenmuur
a cave,de kelder
o sótão,de zolder
o telhado,het dak
o relvado,het graspleintje
#file Portugees voor Beginners/lespakket 1.2
#file Passaporte para Português 1/Unid 9 tem 12
normalmente,normaal gezien
à noite,'s nachts
cerca de,rond
de altura média,van gemiddelde lengte
o clube de futebol,de voetbalclub
o ginásio,de fitness
a natureza,de natuur
loiro,blond
a política,de politiek
nem,en ook geen, en ook niet
a pergunta,de vraag
tomar sol,zonnebaden
estacionar,parkeren
o estacionamento,de parking (plek)
ter interesse em,interesse hebben in
a medicina,de geneeskunde
detestar praia,het strand haten
a cantora,de zangeres
ser bom em,goed zijn in
pois não?,toch niet? (bij negatieve vraag)
a meia de leite,de koffie met melk
o croissant,de croissant
a nota,het bankbiljet, de notitie, het geldbriefje, het briefje (geld)
a agua natural,het water (kamertemp)
a agua fresca,het koud water
jantar fora,buiten dieneren, buiten eten (dineren)
#file Portugees voor Beginners/lespakket 2.4
#file Passaporte para Português 2/unid 1
picante,pikant, gekruid
a locução,de spreekwijze, de uitdrukking (grammatica)
andar a,synoniem voor estar a (+ww), aan het ... zijn
queixar-se,klagen
completar,aanvullen
a tabela,de tabel
por exemplo,bijvoorbeeld
a cotovia,de leeuwerik
a coruja,de uil
a ave,de vogel
destacar,detacheren, onderscheiden, afscheiden
ativo,actief
ter problemas em,problemen hebben om te +inf
ambos,beide(n), beiden
a informação,de informatie
sublinhar,onderstrepen, onderlijnen
repostar,antwoorden
estar com pressa,gehaast zijn
a refeição,de maaltijd
preferido,favoriet, geprefereerd, lievelings-
a calma,de kalmte
com calma,kalm, rustig (bijw uitdr)
bem-disposto,goedgezind, goedgemutst
falador,praatzaam, praatgraag
adormecer,in slaap vallen
o humor,het humeur
a energia,de energie
aguentar,goed verdragen, aankunnen, verdragen, volhouden
a cortina,het overgordijn, het gordijn
ir para a cama,naar bed gaan
a noitada,het nachtje uit
a dica,de hint, het gezegde
útil,nuttig
desta forma,op deze manier
escovar,poetsen, borstelen
escovar os dentes,de tanden poetsen
a escova,de borstel
a escova de dentes,de tandenborstel
pentear,kammen
fazer a barba,scheren, de baard afdoen
reformular,herformuleren
corrigir,verbeteren
o continente,het continent
o instrumento musical,het muziekinstrument
o papagaio,de papegaai
a estimação,de waardering
o animal de estimação,het huisdier
a Escócia,Schotland
descalçar,uittrekken (schoenen)
em breve,kortelings, heel binnenkort
despir,uitdoen (kledij), uitdoen, uittrekken, uitdoen (gewone kledij)
alérgico ao leite,allergisch voor melk
levantar dinheiro,geld afhalen, geld afghalen
a maior cidade,de grootste stad
parar,stoppen
emprestar,uitlenen
desnecessário,onnodig
discutir,discussieren (over), discussieren
parar de,stoppen met
guloso,gulzig, snoepzuchtig
fugir,vluchten
a bagagem de mão,de handbagage
uma chamada,een oproep, telefoongesprek
fazer uma chamada,een oproep doen (telefoon)
fazer um exame,een examen afleggen
#file Aprender Portugues/unidade 12
os parabéns,de gelukwensen
o encontro,de ontmoeting
a mensagem,het berricht, het bericht
a visita,het bezoek
cumprimentos,groeten
o beijo,de kus
telefonar,telefoneren
dar os parabéns,gelukwensen
felicitar,feliciteren
recusar,weigeren
ter pena de,het spijtig vinden te
marcar encontro,een afspraak vastleggen
encontrar-se com,afspreken met
deixar mensagem,een bericht achterlaten
#file Portugees voor Beginners/lespakket 1.9
#file Passaporte para Português 1/Unid 33 tem 34
despir,uitdoen (kledij), uitdoen, uittrekken, uitdoen (gewone kledij)
despir-se,zich uitkleden
estar vestido,aangekleed zijn
importar-se,geven om
a aspirina,de aspirine
o caderno,het schrift
a livraria,de bib, de boekenbwinkel
a máquina fotográfica,het fotoapparaat
a sapataria,de schoenenwinkel
o calçado,het schoeisel
os calções,de korte broek, de short
o corpo,het lichaam
o pescoço,de nek, de hals
os ténis,de sneakers
a t-shirt,de t-shirt
o vestio,de jurk
ambos,beide(n), beiden
acontecer,voorvallen, gebeuren
emagrecer,vermageren
exagerar,overdrijven
o braço,de arm
a cara,het (aan)gezicht
o dento,de tand
a ambulância,de ambulance
pesado,zwaar, zwaar (gewicht)
as melhoras!,beterschap!
que horror!,verschrikkelijk!
ter tosse,met een hoest zitten
#file Passaporte para Português 1/Unid 13 tem 16
durar,duren
o Ano Novo,nieuwjaar
a canção,het lied
a data de nascimento,de geboortedatum
a festa de anos,het verjaardagsfeest
o século,de eeuw
o voo,de vlucht (in lucht)
ainda bem,zoveel te beter, gelukkig, gelukkig maar
pois é!,inderdaad!, dat is zo!
quantos são hoje,de hoeveelste zijn we
os parabéns,de gelukwensen
encontrar-se,elkaar ontmoeten, zich bevinden, tegenkomen
ir buscar,gaan halen
a pintora,de schilderes
a tarefa,de job, de taak
a tarefa doméstica,de huisklus, de huistaak
lembrar-se,zich herinneren
o exercício,de oefening
esquecer-se,vergeten
o problema,het probleem
o vegetariano,de vegetariër
frequentemente,frekwent (adv)
raramente,zelden (bijw)
regularmente,regelmatig (bijw)
com pressa,gehaast
igualmente!,insgelijks! (bijw)
a cantina,de refter, de kantine
a cima,de bovenkant
com certeza,zeker, jazeker
boa ideia!,goed idee!
recomendar,aanbevelen
o cartão de credito,de kredietkaart
amargo,bitter
picante,pikant, gekruid
saborso,smakelijk
salgado,gezouten
#file Passaporte para Português 1/Unid 35 e 36
apaixonar-se,verliefd worden
apresentar,voorstellen, presenteren
morrer,sterven
o autor,de auteur, de maker
a morte,de dood
a página,de pagina
o título,de titel
por acaso,toevallig (bijw uitdr), per toeval
alterar,aanpassen, veranderen
cancelar,annuleren
fugir,vluchten
gritar,roepen
mergulhar,duiken
responder,antwoorden
ter medo,schrik hebben
o ar,de lucht
a floresta,het bos
o hóspede,de gast
ativo,actief
no meio de,in het midden van
cuidado!,opgepast!
cumprimentos!,groeten!
a embalagem,de verpakking, het pakje (medicijnen)
#file Aprender Portugues/unidade 6
as meias,de kousen
a roupa interior,het ondergoed
os calções,de korte broek, de short
a seda,de zijde (stof)
o linho,het linnen (vlas stof)
o restaurante,het restaurant
a lista de vinhos,de wijnlijst
a cerveja,het bier
a bica,het typisch kopje koffie, de koffie (espresso)
a sandes,de sandwich
o garoto,de koffie met melk (50/50)
o prego,het broodje dunne steak
a bifana,het broodje varkensvlees
ir às compras,boodschappen doen
ficar bem,goed staan (bij iemand), goed staan
ficar mal,slecht staan (bij iemand)
estar largo,te groot zijn (kledij)
estar apertado,te nauw zitten (kledij)
pagar em cheque,met cheque betallen
pagar com dinheiro,cash betalen
o recibo,het ontvangstbewijs
os saldos,de solden
o desconto,de korting
fazer um desconto,een korting geven
a salada,de salade
fazer um pedido,bestellen
encomendar,bevelen, aanbevelen, bestellen
reservar mesa,een tafel reserveren
fazer uma reserva,reserveren
pedir a conta,de rekening vragen
despir,uitdoen (kledij), uitdoen, uittrekken, uitdoen (gewone kledij)
sentir,voelen, ruiken
anoitecer,nacht worden
negociar,(onder)handelen
o negócio,de onderhandeling, de handelszaak
a passagem,de passage, de doortocht, de doorgang
o acontecimento,het voorval
acontecer,voorvallen, gebeuren
emagrecer,vermageren
nervoso,nerveus
convencer,overtuigen
assar,braden
nutritivo,voedzaam
a preferência,de voorkeur
o domínio,het gezag, de heerschappij
dominar,(over)heersen
#file Portugees voor Beginners/lespakket 1.3
#file 50 languages iphone/les 01-10
#file Portugees voor Beginners/lespakket 2.1
#file Portugees voor Beginners/lespakket 2.6
#file Passaporte para Português 2/unid 2
falar sobre,praten over
ter algo em comum,iets gemeen hebben, iets gemeenschappelijk hebben
o diálogo,de dialoog
o conhecimento,de kennis
a lingua,de taal, de tong
todos eles,zij allemaal (m)
a atriz,de actrice
o cantor,de zanger
porto-riquenho,puertoricaans
a rainha,de koningin
explicar,uitleggen
a razão,de reden, het gelijk
com razão,terecht
sem razão,ten onrechte
a seguir,vervolgens
o sotaque,het accent, de uitspraak
fluente,vloeiend
nativo,aangeboren, inlands
o falante,de spreker
a questão,de kwestie
o jogador,de speler (sport)
a carreira,de carrière, de carriere
retirado,weggelaten
vário,verscheiden
vários,meerdere, ettelijke, verschillende
o ator,de acteur
o viagem,de reis
abusar,misbruiken, teveel gebruiken
gravar,opnemen
o álbum,het album
a tasca,de eettent
o ator,de acteur
daqui a,binnen (... tijd)
o plano,het plan, de map
ter orgulho em algo,trots zijn op iets
ter algo em comum,iets gemeen hebben, iets gemeenschappelijk hebben
o sotaque,het accent, de uitspraak
o regresso,de terugkeer
a carreira,de carrière, de carriere
não me falta nada,er ontbreekt me niets
gravar,opnemen
gravar,opnemen
mudar-se,verhuizen
a vinda,de komst
o plano,het plan, de map
ser bom em,goed zijn in
queixar-se,klagen
queixar-se de algo,over iets klagen
o visto,het visum
a residência,de woonplaats, de residentie, de woning
a duração,de duurtijd
o oposto,het tegenovergestelde
descongelar,ontdooien
o alimento,de voeding
concordar,akkoord zijn
caminhar,wandelen
empréstimar,lenen
esforçado,gemotiveerd, toegewijd
o erro,de fout
dar erros,fouten maken
a tarefa,de job, de taak
o visto para viajar,het reisvisum
de vez em quando,van tijd tot tijd
o bilhete de ida en volta,het retourticket
rigoroso,rigoureus, streng
a dúvida,de twijfel
duvidar,twijfelen
permanecer,blijven, verblijven
por metade de,voor de helft van
estar à espera de,aan het wachten zijn op
estás à espera de quê,waar wacht je op
gratuito,gratis
viajar só,alleen reizen
derivrar,afleiden
o derivrade,het afgeleide
o radical,de stam (van een woord)
o cônjuge,de echtgenoot
o familiar,het familielid
válido,geldig
emissão,uitgifte
o correio eletrónico,de e-mail
a expiração,de afloop, het verloop
falante,sprekend
o falante,de spreker
o estudante,de student
o visitante,de bezoeker
o ajudante,de helper
o viajante,de reiziger
o emigrante,de emigrant
aguentar,goed verdragen, aankunnen, verdragen, volhouden
sentir-se em casa,zich thuis voelen
o açoriano,de azoren-inwoner
o estudo,de studie
o futuro,de toekomst
o jogador,de speler (sport)
o objetivo,het doel
a residência,de woonplaats, de residentie, de woning
o sonho,de droom
a sorte,het geluk, het lot
exatamente,exact (bijw)
fluentemente,vloeiend (bijw)
suficientemente,voldoende (bijw)
a companhia aérea,de luchtvaartmaatschappij, de vliegtuigmaatschappij
#file Portugees voor Beginners/lespakket 1.4
#file Passaporte para Português 1/Unid 17 tem 20
a azeitona,de olijf
a baguete,het stokbrood
a caixa,de doos
a carne de porco,het varkensvlees
os cereais,de ontbijtgranen
o chocolate,de chocolade
o doce,het snoep, de konfituur
a dose,de dosis, de portie
o feijão,de boon
o iogurte,de yogurt
a sandes,de sandwich
o tomate,de tomaat
a como é?,hoeveel kost?
o alojamento,de huisvesting, het logement
a área,de oppervlakte
a distância,de afstand
a duração,de duurtijd
a estrela,de ster
a flor,de bloem
o lago,het meer
o oceano,de oceaan
o preço,de prijs
o turista,de toerist
barulhento,lawaaierig
calmo,kalm, rustig
desagradável,onaangenaam
esreito,nauw, smal
vários,meerdere, ettelijke, verschillende
tudo incluído,all-in
apagar,doven, uitzetten, dempen
carregar,inladen, laden, (in)drukken
carregar no botão,op de knop drukken
a senha,het teken, het ticket van wachtrij
gastar,verspillen, uitgeven (geld)
poupar,sparen
tirar,wegnemen, trekken
tirar uma senha,een ticket nemen
a notícia,het nieuwtje, het bericht
sublinhar,onderstrepen, onderlijnen
a rádio,de radio
que boa notícia!,wat leuk nieuws!
partir para,vertrekken naar
atender,opletten, bedienen, bijwonen, letten op
atender o telefone,de telefoon antwoorden
ensinar,onderwijzen
olhar para,kijken naar
a mensagem,het berricht, het bericht
o parque nacional,het national park
voltar a ligar,terugbellen
o carregador,de oplader
o código,de code, de regels
a rede,het net, het web
com licença!,pardon! mag ik even!
é o próprio!,daar spreekt u mee!
ficar bem,goed staan (bij iemand), goed staan
há tanto tempo,het is zolang geleden
quem fala?,met wie spreek ik?
o dicionário,de woordenboek
pôr o cinto,de gordel aandoen
ligar a televisão,de televisie opzetten
tirar fotografias,foto's nemen
o telefone está a tocar,de telefoon is aan het afgaan
ficar sem bateria,zonder batterij aan het vallen zijn
discutir,discussieren (over), discussieren
planear,plannen
pôr a mesa,de tafel zetten
o guardanapo,de serviette, het servet
mal-educado,slecht opgevoed
o desconto,de korting
gratuito,gratis
o regresso,de terugkeer
#file Portugees voor Beginners/lespakket 2.2
#file português no mundo/2 conhecer os outros
#file Aprender Portugues/unidade 1
a China,China
o Japão,Japan
a Noruega,Noorwegen
a Rússia,Rusland
os Marrocos,Marokko
a Suécia,Zwitserland, Zweden
o Egipto,Egypte
português,Portugees
chinês,Chinees
japonês,Japans
francês,Frans
senegalês,Senegalees
norueguês,Noors
russo,Russisch
angolano,Angolees
cubano,Cubaans
marroquino,Marokkaans, marokkaans
sueco,Zwitsers
egípcio,Egyptisch
a Alemanha,Duitsland
a Espanha,Spanje
Guiné,Guinea
São-Tomé,Sao Tomé
alemão,Duits (m enk)
alemã,Duits (v enk)
alemães,Duits (m mv)
alemãs,Duits (v mv)
espanhol,Spaans (m enk)
espanhola,Spaans (v enk)
espanhóis,Spaans (m mv)
espanholas,Spaans (v mv)
belga,Belgisch (m enk), Belgisch (v enk)
belgas,Belgisch (v mv), Belgisch (m mv)
guineense,Guinee (v enk), Guinees (m enk)
são-tomense,Sao-Tomees (v enk), Sao-Tomees (m enk)
são-tomenses,Sao-Tomees (v mv), Sao-Tomeens (m mv)
o professor,de leerkracht, de leraar
o cantor,de zanger
o tradutor,de vertaler
o médico,de dokter, de arts
o advogado,de advocaat
o músico,de muzikant
o cabeleireiro,de kapper
a cabeleireira,de kapster
o jornalista,de journalist
a jornalista,de journaliste
a dentista,de tandartse
o motorista,de motorrijder
a motorista,de motorrijdster
o economista,de economist
a economista,de economiste
o estudante,de student
a estudante,de studente
casado,getrouwd
o rapaz,de jongen
a rapariga,het meisje
três,drie
quatro,4
cinco,5
seis,6
sete,7
oito,8
nove,9
dez,10
doze,12
treze,13
catorze,14
quinze,15
dezasseis,16
dezoito,18
dezanove,19
vinte,20
vinte e um,21
vinte e dois,22
vinte e três,23
quarenta,40
cinquenta,50
sessenta,60
setenta,70
oitenta,80
noventa,90
cem,100
o ano,het jaar
a idade,de leeftijd
o número de telefone,de telefoonnummer
a faculdade,de faculteit
morar,wonen
a cantina,de refter, de kantine
apanhar,pakken, vangen, grijpen
o metro,de metro
todos os dias,alle dagen
nós,wij
acordar tarde,uitslapen, overslapen
falar com os amigos,met vrienden praten, met vrienden kletsen
a discoteca,de discotheek
levantar-se,opstaan
começar a,beginnen met
longe de,ver van
regressar a casa,terug naar huis gaan, teruggaan naar huis
a pregunta,de vraag
o irmão,de broer
a irmã,de zus
divorciado,gescheiden
viúvo,weduw (adj)
alemã,Duits (v enk)
alemães,Duits (m mv)
alemão,Duits (m enk)
alemãs,Duits (v mv)
belga,Belgisch (m enk), Belgisch (v enk)
belga,Belgisch (m enk), Belgisch (v enk)
belgas,Belgisch (v mv), Belgisch (m mv)
belgas,Belgisch (v mv), Belgisch (m mv)
espanhol,Spaans (m enk)
espanhola,Spaans (v enk)
espanholas,Spaans (v mv)
espanhóis,Spaans (m mv)
guineense,Guinee (v enk), Guinees (m enk)
guineense,Guinee (v enk), Guinees (m enk)
guineenses,guinees (m mv), Guinees (v mv)
guineenses,guinees (m mv), Guinees (v mv)
são-tomense,Sao-Tomees (v enk), Sao-Tomees (m enk)
são-tomense,Sao-Tomees (v enk), Sao-Tomees (m enk)
são-tomenses,Sao-Tomees (v mv), Sao-Tomeens (m mv)
são-tomenses,Sao-Tomees (v mv), Sao-Tomeens (m mv)
o Egipto,Egypte
o Egito,Egypte
tomar café,een koffie drinken
o homem,de man (algemeen)
a Dinamarca,Denemarken
dinamarquês,Deens
comptar,tellen
a pagina,de pagina
a Itália,Italië
o acento agudo,het accent é
o acento circonflexo,het hoedjes leesteken
o acento gravo,het zwaar leesteken è
o til,de tilde
Nào faz mal,het is niet erg
o guitarrista,de fadogitarists
a guitarra,de fadogitaar
o violista,de gitarist
o violino,de viool
a violonista,de violist
a bassista,de bassist
o percussionista,de percussionist
o baterista,de drummer
o vocalista,de vocalist
o cantor,de zanger
a voz,de stem
o interpreta,de tolk
soletrar,spellen
o número de telemóvel,het gsm nummer
o peqeno-almoço,het ontbijt
tomar o pequeno-almoço,ontbijten
a galinha,de kip
a cerveja,het bier
a arquiteta,de architecte
a engenheira,de ingenieur (v)
o enfermeiro,de verpleger
a enfermeira,de verpleegster
o porta-chaves,de sleutelhanger
o porta-moedas,de portefeuille, de portemonnee
grego,grieks
polaco,Pools
Toquio,Tokyo
Moscovo,Moskou
Berlim,Berlin
trabalhar por conta própria,freelance werken
o infantário,de kleuterschool
fora de,buiten, buiten (iets)
o locutor,presentator
o estudo,de studie
o descanso,de rust
o transporte,het transport, het vervoer
a fala,het gesprek
levar a,brengen naar
#file Aprender Portugues/unidade 7
a planta,de plant, het plan
a esquina,de straathoek
a rua,de straat
o quarteirão,het huizenblok
ficar em frente,liggen tegenover
ficar na rua,in de straat liggen
ir em frente,rechtdoor gaan
seguir em frente,rechtdoor blijven gaan
cortar,snijden, oversteken, ongedaan maken
virar á direita,naar rechts afslaan
a direita,de rechterkant
a esquerda,de linkerkant
enganar-se,zich vergissen
enganar,misleiden, bedriegen
enganar-se no caminho,van weg vergissen
estar perdido,verdwaald zijn, verloren zijn
o parque,het park
o parque de estacionamento,de parking, de parking (gebouw, geheel)
universitário,universitair
o transporte,het transport, het vervoer
um pouco longe,een beetje verder
ter a certeza,zeker weten
o centro comercial,het shoppingcenter
direto,direct
diretamente,direct (bijw)
a passagem,de passage, de doortocht, de doorgang
entre,tussen (plaats)
em seguida,vervolgens
a seguida,het vervolg
ir pelo lado direito da rua,langs de rechterkant van de straat gaan
a embaixada,de ambassade
é do lado esquerdo,(het) is aan de rechterkant
#file Passaporte para Português 1/unid 37 e 38
estar sentado,zitten
existitr,bestaan
a aldeia,het dorp
a campo,het veld, het platteland
o comércio,de handel
a paisagem,het landschap
a poluição,de vervuiling
o rádio,de radio
antigamente,vroeger, in het verleden
obviamente,vanzelfsprekend, duidelijk (bijw)
de facto,feitelijk
naquela altura,toen (bijw uitdr)
por todo o lado,(van) overal
aparecer,verschijnen, schijnen
bater,kloppen, vechten
estar em baixo,down zijn
pedir desculpa,verontschuldigen
ficar triste,triest worden
pegar,vastpakken, grijpen, nemen
sorrir,glimlachen
a companhia,het gezelschap, het bedrijf
o divórcio,de scheiding
o táxista,de taxichauffeur
alegre,vrolijk, goedgezind, bli
furioso,woedend
preocupado,bezorgd
satisfeito,voldaan
zangado,kwaad, boos
diga?,pardon?
#file Passaporte para Português 2/unid 3
a amizade,de vriendschap
a sério,serieus (bijw uitdr)
através,over, door, via
o dono,de eigenaar
a galeria de arte,de kunstgalerij
dar-se,logeren, overeenkomen, zich voelen (gezondheid)
parecido,gelijkend
odiar,haten
ter medo de,schrik hebben van/om, schrik hebben van
com o tempo,mettertijd
o segredo,het geheim
partilhar,delen
confiar em,vertrouwen in
estar em baixo,down zijn
atender,opletten, bedienen, bijwonen, letten op
zangado,kwaad, boos
contar com,rekenen op
passar as férias,de vakantie doorbrengen
continuamos amigos,we zijn nog steeds vrienden
a exceção,de uitzondering
a Irlanda,Ierland
a ilha,het eiland
chumbar,buizen (student), verzwaren, buizen, falen
apaixonar-se por,verliefd worden op
na mesma,hetzelfde (bijw)
dar-se bem com alguém,goed met iemand overeenkomen
a inveja,de jaloezie, de afgunst
grávida,zwanger
já não,niet meer
ainda bem,zoveel te beter, gelukkig, gelukkig maar
acontecer,voorvallen, gebeuren
ajudar-se a alguém,iemand helpen, zich nuttig maken voor iemand
confiar em alguém,op iemand vertrouwen
arranjar discussões,discussie aangaan
entrar em contacto,in contact treden
falar a sério,serieus praten
fazer invjea,jaloers maken
guardar segredo,(een) geheim bewaren
apoiar,helpen
confiar em,vertrouwen in
contar com,rekenen op
estar a caminho,op weg zijn
estar no caminho,op weg zijn
grávida de x meses,x maanden xwanger
odiar,haten
separar-se,uit elkaar gaan, zich lostrekken
tomar um copo,een glaasje drinken
o apoio,de hulp
o contacto,het contact
a crítica,de kritiek
a esposa,de echtgenote
o interesse,de interesse
o objeto,het object
o sentio de humor,het gevoel voor humor
parecido,gelijkend
sincero,oprecht
com exceção de,met uitzondering van
#file português no mundo/3 a minha família
#file Portugees voor Beginners/extra PVB
#file Aprender Portugues/unidade 8
o tempo livre,de vrije tijd
gostar de ir ao teatro,graag naar het teater gaan
sair,weggaan, buitengaan
pintar,schilderen
jogar à bola,met de bal spelen
praticar desporto,sport beoefenen
praticar desportos radicais,extreme sporten doen
fazer ginástica,gymnastiek doen
fazer montanhismo,bergbeklimmen
fazer escalada,klimmen
pescar,vissen
fazer esqui,waterskiën, skïen
fazer mergulho,duiken (sport), duiken
o mergulho,de duik, het duiken
na proxima semana,volgende week
na semana que vem,volgende week
para a semana,tijdens de week
no ano que vem,het komende jaar
nas férias,in de vakantie
no feriado,op een feestdag, op een vrije dag
o que está a dar na televisão?,wat is er op tv?
o exagero,de overdrijving
chato,vervelend
odiar,haten
planear,plannen
concordar,akkoord zijn
exato,exact, juist
o palácio,het paleis
o parque florestal,het bloemenpark
a vila,het dorp
acho óptimo,vind ik heel goed
excelente,voortreffelijk, uitstekend
estafado,uitgepit
andar estafado,uitgeput zijn
especial,speciaal
pode ser?,is dat ok?
desculpar,verontschuldigen, vergeven
lamento,het spijt me
a condição,de conditie, de voorwaarde, de gesteldheid
observar,observeren
marinho,zee-
iniciar,beginnen met
esquecer-se de,vergeten
a confusão,de verwarring, het tumult
#file Portugees voor Beginners/lespakket 1.6
#file Passaporte para Português 1/Unid 21 tem 24
estragar,bederven, stukmaken
preocupar-se,zich zorgen maken
a chávena,het kopje
a sardinhada,de schotel gebraden sardines
com atraso,met vertraging
o atraso,de vertraging, de achterstand
está combinado!,deal!
estás a brincar!,ge zijt aan t zeveren!
não há problema,geen probleem
tanto faz,het blijft gelijk
encerrar,afsluiten, opsluiten, opbergen, sluiten
a bilheteira,het loket
o estádio,het stadion, de fase
a margem,de oever, de kantlijn
a mesquita,de moskee
o miradouro,het uitzicht, het bellevue
a torre,de toren
anualmente,jaarlijks (bijw)
diariamente,dagelijks (bijw)
saudades!,groetjes!
a carruagem,de wagon
a classe,de klasse
a sala de espera,de wachtzaal
chato,vervelend
o elétrico,de tram
o início,de aanvang, het begin, het vertrek
o meio de transporte,het vervoermiddel
o plano,het plan, de map
cansativo,vermoeiend
a arvóre,de boom
o aquecimento central,de centrale verwarming
a assoalhada,de niet-sanitaire kamer
a divisão,de scheiding, de woonruimte
as escadas,de trap
a garagem,de garage
o tapete,het vloerkleed, het tapijt
perigoso,gevaarlijk
a secção,de afdeling, de sectie
mudar de casa,verhuizen
esperar por,wachten op
o meio,het middel
nada disso,niets ervan
tambem não,ook niet
passar por,passeren langs
perder o avião,het vliegtuig missen
vista par,zicht op
preocupar-se com,zich bekommeren om, zich bezighouden met, zich zorgen maken over, verzorgen
tem de ser,so be it
#file Passaporte para Português 1/unid 39 e 40
arranar,regelen
gravar,opnemen
a banda,de muziekgroep
a carreira,de carrière, de carriere
a cereja,de kers
as centenas,de honderden
o compositor,de componist
as dezenas,de tientallen
o fã,de fan
o fadista,de fadist
a fila,de rij
os milhares,de duizenden
o palco,het podium
o talento,het talent
a voz,de stem
que inveja!,gelukzak!
aterrar,landen
caber,passen
fazer a mala,de valies maken
guardar,bewaken, bewaren
imprimir,printen
levantar voo,opstijgen
tomar conta,passen op
o assento,de zitplaats, de zetel
a balança,de weegschaal, de balans
o cartão de embarque,het vliegticket
o deserto,de woestijn
a experiênca,de ervaring
o passageiro,de passagier
o utilizador,de gebruiker
a zona,de zone
maluco,zot, gek
o balcão de check-in,de check-in desk
a chegada,de aankomst
a companhia aérea,de luchtvaartmaatschappij, de vliegtuigmaatschappij
o embarque,het inschepen
#file Aprender Portugues/unidade 2
a menina,de dochter
pesado,zwaar, zwaar (gewicht)
saboroso,lekker
branco,wit
preto,zwart
vermelho,rood
castanho,bruin
cinzento,grijs
verde,groen
azul,blauw
azuis,blauw (mv)
cor de laranja,oranje, oranje (mv)
cor-de-rosa,roos (mv), roos
a calça,de broek
a bandeira,de vlag
a nuvem,de wolk
as nuvens,de wolken
chove,het regent
o inverno,de winter
a primavera,de lente
o verão,de zomer
o outono,de herfst
cor de laranja,oranje, oranje (mv)
cor-de-rosa,roos (mv), roos
a flor,de bloem
o porta-moedas,de portefeuille, de portemonnee
está frio,het is koud
o bolo está saboroso,de taart is lekker
o menino,de kleine
com sono,moe
a dor de dentes,de tandpijn
com sede,dorstig
simpático,sympathiek
antipático,antipathiek, onsympathiek
falador,praatzaam, praatgraag
calado,zwijgzaam
alegre,vrolijk, goedgezind, bli
fechado,gesloten
limpa,proper
a esplanada,het terras
curto,kort
o vizinho,de buur
químico,chemisch
são muito amigos,ze zijn goede vrienden
bem disposto,goed gezind
estou sentado,ik zit
o aluno,de leerling
cheio de,vol met
perto,dichtbij
ter tempo,tijd hebben
o gelado,het ijsje
passar o tempo,de tijd doorbrengen
o parque de diversões,het pretpark
o t-shirt,de t-shirt
as calças de ganga,de jeansbroek
o cabelo ruivo,het ros kapsel
a sandália,de sandaal, de flip-flip
o cabelo ondulado,het golvend kapsel
o pêlo,de beharing
os cabelos lisos,steile haren
usar,dragen (kledij)
de meia-idade,van middelbare leeftijd
moreno,donker (haar), bruinharig
ter barba,een baard hebben
ter bigode,een snor hebben
arrumado,ordelijk
tímido,verlegen
extrovertido,extravert
introvertido,introvert
estar doente,pijn hebben
de vidro,van glas
a madeira,het hout
cozinhar,koken
a garaffa,de fles
a bica,het typisch kopje koffie, de koffie (espresso)
pesado,zwaar, zwaar (gewicht)
pesado,zwaar, zwaar (gewicht)
usar oculos,een bril dragen
a verruga,de puist
o nariz,de neus
o boné,de pet
ser dentuço,grote tanden hebben
os lábios,de lippen
a sobrancelha,de wenkbrauw
os oculos graduados,de dikke bril
o cabelo em pé,piekhaar
o contrário,het tegenovergestelde
o oposto,het tegenovergestelde
estreito,smal
o prédio,het gebouw, het flatgebouw
o estojo,de pennenzak
um bocadinho,een beetje
un pouco,een beetje
atrasar-se,te laat komen
distraído,verstrooid
a idade,de leeftijd
o número de telefone,de telefoonnummer
a morada,het adres, de woonplaats
o código postal,de postcode
bonito,mooi
o cabelo comprido,het lang haar
o cabelo encaracolado,het krullend haar
louro,blond
o cabelo curto,het kort haar
a sarda,het sproetje
os olhos pretos,de zwarte ogen
os olhos castanhos,de bruine ogen
os olhos azuis,de blauwe ogen
magro,mager, slank
careca,kaal (m), kaal (v), kaal
calvo,kaal
desmazelado,slordig, slonzig
aborrecido,saai, vervelend
#file Passaporte para Português 1/Unid 1 tem 4
formal,formeel
informal,informeel
a sílaba,de lettergreep
a Suécia,Zwitserland, Zweden
a Polónia,Polen
a Ucrânia,Oekraine
a Grécia,Griekenland
Marrocos,Marokko
marroquino,Marokkaans, marokkaans
polaco,Pools
árabe,arabisch
o dicionário,de woordenboek
a bandeira,de vlag
a Finlândia,Finland
olhar para,kijken naar
a sala de aula,het klaslokaal
mais uma coisa?,nog iets?
polaco,Pools
#file Passaporte para Português 2/unid 4
mudar,veranderen
retirar,wegnemen
comum,gewoon (adj)
simplesmente,eenvoudigweg (bijw), simpelweg (bijw)
vencer,overwinnen
o medo,de angst
o início,de aanvang, het begin, het vertrek
necessário,nodig
infeliz,ongelukkig
o mistério,het mysterie
piorar,verergeren
o passo,de stap
surpreender,verrassen
resultar,uitkomen (wens), blijken
o advogado,de advocaat
farto,moe, beu
monótono,monotoon
o ambiente,de sfeer, de omgeving, het milieu
aguentar,goed verdragen, aankunnen, verdragen, volhouden
vários,meerdere, ettelijke, verschillende
estável,stabiel
responsável,verantwoordelijk
esto farto disto,ik ben het beu
tomar uma decisão,een beslissing nemen
tens toda a razão,je hebt volledig gelijk
o guardanapo,de serviette, het servet
é proibido fumar,het is verboden te roken
fazer barulho,kabaal maken
praticamente,vrijwel (bijw), praktisch
despedir,ontslaan
canditar-se,zich kandidaat stellen
cá estou eu,hier ben ik
a dificuldade,de moeilijkheid
a sinceridade,de oprechtheid
arrepender-se de,berouw hebben over, spijt hebben over
o sucesso,het success
a possibilidade,de mogelijkheid
a novidade,de nieuwigheid
a estabilidade,de stabiliteit
a felizidade,het geluk
a responsabilidade,de verantwoordelijkeid
dar aulas,les geven
o diretor,de directeur
a mudança,de verhuis, de verandering
a necessidade,de noodzaak
o stresse,de stress
belo,schoon
mudar-se para,verhuizen naar
ganhar coragem,moed verzamelen
o chefe,de baas
fazer mudança,verhuizen
despedir-se,ontslag nemen
despedir-se de emprego,ontslag nemen
canditar-se a,zich kandidaat stellen voor (iets/iemand)
canditar-se para,zich kandidaat stellen om (+ww)
o fã,de fan
ter para oferecer,te bieden hebben
dar um passo,een stap zetten
a açorda,de broodsoep
maldisposto,zich niet goed voelend
recidir,wonen
arrependido,berouwvol
por acaso,toevallig (bijw uitdr), per toeval
o acaso,het toeval, het geluk
falador,praatzaam, praatgraag
sobretudo,vooral
idoso,bejaard
a dica,de hint, het gezegde
fazer escala,een tussenstop maken
residir,gevestigd zijn, zijn verblijf hebben
escusar,verontschuldigen
alterar,aanpassen, veranderen
entregar,leveren, overhandigen
em breve,kortelings, heel binnenkort
o hábito,de gewoonte
disposto,opgewekt
alegre,vrolijk, goedgezind, bli
organizado,georganiseerd
obviamente,vanzelfsprekend, duidelijk (bijw)
óbvio,vanzelfsprekend, duidelijk (adj)
pontual,stipt, punctueel
contempôreano,hedendaags, eigentijds
tapar,bedekken
#file Aprender Portugues/unidade 3
levantar-se,opstaan
sou amigo de,ik ben bevriend met
este é Paulo,dit is paulo
esta é maria,dit is maria
encontrar-se,elkaar ontmoeten, zich bevinden, tegenkomen
o encontro,de ontmoeting
cumprimentar,compliment geven
o cumprimento,het complement
estar combinado,voorgesteld worden
até ja,tot later
até à vista,tot ziens
ainda não,nog niet
mostrar,tonen, vertonen
apaixonado,verliefd
beijar,kussen (ww)
a arquitetura,de architectuur
por volta,omstreeks
uns dias,sommige dagen
logo,straks, meteen
aquecer,opwarmen
o exercício,de oefening
esquecer,vergeten
despir,uitdoen (kledij), uitdoen, uittrekken, uitdoen (gewone kledij)
traduzir,vertalen
corrigir,verbeteren
#file Passaporte para Português 1/unid 25 tem 28
assinar,tekenen, ondertekenen
contornar,rondom gaan
depositar,storten, deponeren, toevertrouwen
estar perdido,verdwaald zijn, verloren zijn
andar perdido,zich verloren voelen
parar,stoppen
a câmara municipal,het gemeentehuis
a carta,de (post)kaart, brief, de brief
a embaixada,de ambassade
a esquadra de polícia,het politiekantoor
a esquina,de straathoek
o impresso,het drukwerk, het formulier
a transferência,de overdracht, de overschrijving
logo,straks, meteen
ao longo de,langsheen
não funciona!,buiten dienst!
o estádio,het stadion, de fase
a estada,het verblijf
ter interessa para,interesse hebben in
o significado,de betekenis
encerrar,afsluiten, opsluiten, opbergen, sluiten
gratuito,gratis
o número da conta,het rekeningnummer
parar na esquina,stoppen op de hoek
o funcionário,de ambtenaar
o percurso,het parcours
ir até ao fim,tot het einde gaan
assistir,bijwonen
colocar,plaatsen, leggen
misturar,mengen, mixen
tapar,bedekken
o azulejo,de siertegel
a calçada,de trottoir
o carioca,de rio de janieroaar
a cave de vinho,de wijnkelder
a cave,de kelder
o cruzeiro,de cruise
o teleférico,de kabelbaan
por isso,daarom
a sério?,echt waar? serieus?
o apetite,de eetlust
a nao perder,niet te missen
de certeza,zeker
por ordem,op orde
brindar,toosten, opdragen aan
a louça,de vaat, de afwas, het servies
provavelmente,waarschijnlijk
sublinhado,onderlijnd
dar comida ao gato,de kat te eten geven
o chapéu de chuva,de regenhoed
o clima,het klimaat, het weer
a estação do ano,het jaargetijde
o este,het oosten
a nuvem,de wolk
o outono,de herfst
calado,zwijgzaam
bem-disposto,goedgezind, goedgemutst
falador,praatzaam, praatgraag
indeciso,onbeslist, besluiteloos
romântico,romantisch
trabalhador,arbeidzaam
a receção,de receptie
ao fundo de,aan het einde van
impaciente,ongeduldig
sociável,sociaal
teimoso,koppig
o psicólogo,de psycholoog
o ditongo,de tweeklank
#file Aprender Portugues/unidade 9
o corpo,het lichaam
o braço,de arm
as mãos,de handen
o joelho,de knie
o pé,de voet
o pescoço,de nek, de hals
o nariz,de neus
o lábio,de lip
a lingua,de taal, de tong
o frio,de koude
cansar-se,moe worden, zich moe maken
o cansaço,de vermoeidheid
enervar-se,zich opwinden, zich enerveren
a fraqeuza,de zwakte
o estado físico,de fysieke toestand
a doença,de ziekte, de kwaal, de pijn
ter uma doença,pijn hebben
adoentado,een beetje pijn hebbend
a dor de cabeça,de hoofdpijn
a constipação,de verkoudheid
a farmácia,de apotheek
o supositório,de supositoir
tossir,hoesten
a clínica,het hospitaal
a farmácia,de apotheek
o médico,de dokter, de arts
o enfermeiro,de verpleger
o farmacêutica,de apotheker
o doente,de zieke
marcar consulta,een doktersbezoek vastleggen
por isso,daarom
o doutor,de dokter
inflamado,ontstoken
3 vezes ao dia,3 keren per dag
a refeição,de maaltijd
as melhoras!,beterschap!
a altura do ano,de tijd van het jaar
difícil de ler,moeilijk te lezen
engolir,slikken
depressa,snel
o refrigerante,de frisdrank
habitual,gewoonlijk
o medo,de angst
emagrecer,vermageren
#file Portugees voor Beginners/lespakket 1.7
